title,slug,sku,price,regular_price,sale_price,sale_start_date,sale_end_date,stock_status,manage_stock,stock_quantity,allow_backorders,sold_individually,weight,length,width,height,tax_status,tax_class,status,catalog_visibility,featured_product,description,short_description,purchase_note,virtual_product,downloadable_product,downloadable_files,download_limit,download_expiry,categories,tags,attributes,default_attributes,upsell_products,cross_sell_products,parent_product_id,main_image,gallery_images,variations,brands,color,size,material
Prolynx – Dual Access Card (RFID + MI FARE) – PL-EMF01,prolynx-dual-access-card-rfid-mi-fare-pl-emf01,,0,0,,,,instock,no,,no,no,,,,,taxable,,publish,visible,no,,"<div class='woocommerce-product-details__short-description'>
<p><strong>Key Features:</strong></p>
<ul>
<li>Dual Frequency Support: Compatible with both 13.56MHz and 125KHz card technologies simultaneously</li>
<li>Customizable Appearance: Offers options for personalized design to match your specific aesthetic needs</li>
<li>Stable, durable, and indelible</li>
</ul>
</div>",,no,no,,,,"Access Control & Time Attendance, Entrance Access Control","Access Control & Time Attendance, Prolynx, PrevProlynx - Tuya Smart WIFI Intercom and Access Control - PL-ACIT01, NextProlynx - Tuya Based Smart Cylinder Lock (Finger & Card) - PL-SCL01, Entrance Access Control",,,,,,"data:image/webp;base64,UklGRmpEAABXRUJQVlA4WAoAAAAAAAAA5wMA5wMAVlA4IPZDAABQvwGdASroA+gDAAAAJaW7hd1wzv5biX2t8Vxj+fs1HPP87vNfUlhRF5Z3zH9Q8v/0D+M78fLB8A/h/3a/v3zlW//jv9L/x+i32kfp/4L/J+7//B/8n+n8t/lr/h/5j90fgX/I/5p/lP7h+7n+K+QaTH1m+//7v+o9jj3U+1/7//D/lB8xE+D7Q0L8W2Z+/9/9t6z/rj/2e49/QP8N/1Ui47QZPGm0TGm0TGm0TGm0TGm0TGm0TGm0TGm0TGm0TGm0TGm0TGm0TGm0TGm0TGm0TGm0TGm0TGm0TGm0TGm0TGm0TGm0TGm0TGm0TGm0TGm0TGm0TGm0TGm0TGm0TGm0TGm0TGm0TGm0TGm0TGm0TGm0TGm0TGm0TGm0TGm0TGm0TGm0TGm0TGm0TGm0TGm0TGm0TGm0TGm0TGm0TGm0TGm0TGm0TGm0TGm0TGm0TGm0TGm0TGm0TGm0TGm0TGm0TGm0TGm0TGm0TGm0TGm0TGm0TGm0TGm0TGm0TGm0TGm0TGm0TGm0TGm0TGm0TGm0TGm0TGm0TGm0TGm0TGm0TGm0TGm0TGm0TGm0TGm0TGm0TGm0TGm0TGm0TGm0TGm0TGm0TGm0TGm0TGm0TGm0TGm0PDXtAZo+cPLXp8yeNNomNNomNNomNNomNNomNNol3jFcA20/DSthy3W6kYNQC1EhV+zkZI8S9r0+ZPGm0TGm0TGm0TGm0TGm0TGm0TGlvwTa0hG6G5Xaktmxbz9TNjtT2Th8tkTGm0TGm0TGm0TGm0TGm0TGm0TGm0SuQ08b9NtqyUubB2uiRI8V+J2q9p5btQaVjCtXu6fMnjTaJjTaJjTaJjTaJjTaJjTaJUuS2eJClsBIDSguU7CJMbsX81hltT2YdH5sky9tGPmTxptExptExptExptExptEvlQ6jtqPMUL8flk8abRMT+ZqwYe5tisv4Kc4eWvT5k8abRMabRMabRMabN15jQO5qnl9X4EZDfj0KZMjxpaJjTaJi2uJiMz3Nvr7DsPm22jHzJ402iY02iY02iY02iWoqbWBIRUS26vWZuJPJeU+ZPGm0TGlutaNzdM7SoRQmHBk8abRMabRMabRMabRL5Z9cQ1BfszJvKe4MnjTaJjTWrF5I/DDxA0rnMc2QcaJjTaJjTaJjTaJjTaJiemicUAik9cGTxptExptEw/7CTylPkFe5d6kIPAYQtExptExptExptExps60aTIkDnrxUGTxptExptExptEVXmLXhmPyhbBXZTRomNNomNNomNNomNNf2w2PXd5x+DAOFD5w8tenzJ402iY02jSpDIbfYsJvgXJm7Rj5k8abRMabRMS6cwv+hsiVpfDEkjyWiY02iY02iY02iY01bIXfAaEQ0C9kEH8IkxptExptExpkckwUsmB3ati8lYPLXp8yeNNomNNomNNq9GYEmo5inuHvLoBEmNNomNNolt/ft4JIwkzp0N9/hMcGjITOwiTGm0TGm0TGm0TGm0SoeofXqQakioJ4QwWgyeNNomNNn87QphJpykC51TUsH+eTmggKJOP4KMPLXp8yeNNomNNomNNnMN9Qgzm++OAPjSsY+ZPGm0TGlrDV8oenfy35l11X3zzcfUvUzAfDMtTGm0TGm0TGm0TGm0TGmZfIOmjjQfZTw/IyeNNomNNomLNzjWeHtR70ma0NUElrdCkfT3yBSgUPGHraeNNomNNomNNomNNoisv2md4jRTUdtTYiU+cPLXp8yeNGOXATCwkMy19h64hC5JDHdk8R6eqDMRvpIpFMszh5a9PmTxptExprWUrljH9mUy0OcVNl+0DDTaJjTaJjTX9XaaD+IYYcB85PYe1p+E4FTJ40L0RUDLLXp8yeNNomNL6mLIQj3HJRYWHT+PZOcPLXp8yeNMgXOcT6i5uflwX20O3PyBQq9sJS2RHy+6SEoj5w8tenzJ401muHEnmLox0AlbU+XgVhwZPGm0TGm0AwotRUWnmNHOpaJjTYIJpceyge55FoOBbzGbR9xEHiRMabRMabRMZwBcR6Ukxwhrf8YAmDaMfMnjTaJjOxFcV56mA2EweWvT5khiHR2Lds/v880vzwGqDJ402iY0qht9JDL3fduHptYHFLgyeNNomNNoirBCuzlpqs51V32Lte/33J7xU3l6vrwt+o26Gste8yncp1iBoXKs181Gzmm1Q8G8o6jRj5k8abQJSf+ZX/h/+yNmNl32402iY02iY02fCy4m0O4VOe3uqWJVRkX8bGeOvb0tM7Qn/miELP+9BrwzgAOitQ3e7tg8tdZY9Jdfh/pKO7isZS/cnOHlrYcgZduSMZTOAyf6gyeNNomNNolsM5bmJKe0NW7y4gqUHJR1BQe05Cb0B/oAdS6CeEFr74PJHHtaXwxB8ObgBBdijTE5j7wF04E7LBdfu1+Ac+WClTK2PKMHXy3Jzh5a9PmTxpfPdbVyzvx9p20Dm9ciW0STid3oag0OCT9wC0N6aDhz27asrrRJnQQAhUnM+VcU+aKhxNWCkSjLr0669GFVXXRvjEoAVm6eXu1Orj5k8abRMabRMaaXw3lnKu96v4bryY05X9sWO86PNqK6VT5st5gGC9oUlrd01ZfU6mAdzjhF0x6OflNR65b4SD8rhKd4lQTHm56rAZkswGJyAaMfMnjTaJjTaJe/n+rxrue7GtjpMbVTigKC4p/0cks48gv9jwECVPCxtqGvkKh4pOQzrCNx+tXZtTo5DH06aHBBxnwFInI4tkk7iEeL7+NmvcFszzMHdopPLurA+55NwQay16fMnjTaJjSwfxffZ+Oc/c2f+u0ThZjisZVSZGqh4PLXp8yeM0Rsh7YGH777gHv6AmfK2hiZJe+WTFBNRdg6+xGHycmuqloiycSWV7i+uQkrrjrxt6c5abRu1zh5a9PmTxptEsrsBdNhSCbSklDdt7OXszEgzzcoMAM5voe4hW2z6P5ZJWDc7ISDS6obufEYuOrujb3qLsWbiWUbPxs9/3vo0NmpwxYt13B9lQYV710zIs+ufyQmR/sriRX/Nhy/FnMRaLV3oAHlr0+ZPGm0TGaP/6OXXu4bXFWYeNaHcTBUiGOrFEjavALbTuHqwdEdLxHpmset85O+D/bGeG8eIBDrweNk0545NlHnqzmZ+CJTAFw/z9FsGysTZ1y2egplM6M0gsSzEX8y1EtKqTNIhYZa33hKuhYBHe8l0SqyDOK99hwZPGm0TGm0Q6u7pKMvySy6tWTiRwJiVO07JomNNoiVQo1MBKixQMdVt0BsyvQXY57O+v+ELIV/7NeZdrtdLow08VwOeQJokp5Qy/tevpsuyRxX6rZEyan/08P5aNgw04AIkxptExptExpsNs84cFQiJyxO0dv0+ZPGm0TGm0necI8EwwH33IX8zwuQjhRZUpK1jP2w+I4xanz5a4MnjTaJjTaJjQrxQfep9w0u5O+j5pj/OfP8/+ztYODHxW8BWIf+JpvNvi5/OL0xnhQmVXuqe5VxpoiDw40Nwb1x3j3kIKiQmmxn1gPV75oC0pB7AQ0yn0JWJHFcCSNzSnYPLXp8yeNNomM4mybZi/GhGt8niEiviRYUdkMjV4vJeOd1ztVPVEd2xyen01AuKMsHr29T0VqPVpdClvu9X5p0HRtKL/TbMkMCeNeG9Pr0WIRpFiSPuDC466k8o2iovTJDCxRd7y33gEPafYPSrg0OPxmVE7FBunPzMAubHAlkqz0dSQ/quMHbH1JFNl7XPwQoNZ46mMQ8vZWDy16fMnjTaJjAOq0HGy83aZT0lBHNKYqbsdVEygokxptEw8yGXZCrYiEfqMbon5m+l9cLaLfPEreqJ/UwIqJrgV28q2Z0ghOgCNrqonQVUn/71cHrBQSnliCnEdNomNNomNNomNNcxvs5vj+mS4FJLguV7XohKPZviJ5BHT5kfN3jj5zF1xPNVRFp8yi2jiDmCow8VxIFKgGR2MPg2zKqamj8kKoJ9nOQ/sytAUkiqsSsM8MC+t0aKdMKJjTaJjTaJjTaJjTXhfC27v8s19VQbwrLiUAtWk8U/GWWX2dBWE7yLA7kZwzivk/EQxqPkl8+KLDchBy6JhWEeOp6ybvfxe6L+1hiz/PkDKnbRj5k8abRMabRMabRMA84oOGlEGcF6tESaYLRQMCf0lH/R4mKjnmpYg8AMZyxZvab+KPyfO+YQeHefXI+vb1td67ZJNPpI0tN+L+kqzh5a9PmTxptExptExptExprZeLX/tuJBr0LYDcW+Lgo0XezzFVzfuXbu9iWX2LHzwINWHXQzprAiyjDrBJ7uTJiHSCfawuZwm0QT5MEigB4FD/sODJ402iY02iY02iY02iY02iYvrH1ZEUj1BrGpEGyX7sx/gIzTo4x81Ikl5ALtxfdWcKrJyptExptExptExptExptExptExptExpr1Rdug0/bXp8yeNNomNNomNNomNNomNNomNNomNNomNNomNNomNNomNNomNNomNNomNNomNNomNNomNNomNNomNNomNNomNNomNNomNNomNNomNNomNNomNNomNNomNNomNNomNNomNNomNNomNNomNNomNNomNNomNNomNNomNNomNNomNNomNNomNNomNNomNNomNNomNNomNNomNNomNNomNNomNNomNNomNNomNNomNNomNNomNNomNNomNNomNNomNNomNNomNNomNNomNNomNNomNNomNNomNNomNNomNNomNNomNNomNNomNNomNNomNNomNNomNNomNNomNNomNNomNNomNNomHgAD+//7xGyft0P1ygAAAAAAAAAAAAAAAAAAAAAAAAAAAAAAAAAAALpqwRAf1qavwILDZm/dfUtl1ZMTm1AwAEaAn236tH5fZL4booSh1xJ+3bgdClVWtWKB60Kkx4cCrxUErAARSySRnaRLCyRdQpxkCnjPNEOnl734e26WX63cBLR7oDyOU2AAN56N7QKgFTZF6EpEPNNnC1TGnyjv8pHpEUpXBEAJBxLBbTXaXpg5mTlx3E2Y1m+f/RQTBtBKMS8Y466rzy6qnwn5VkgAFWCvmwLHh2kiaG8d475c1rQfKEvO4DjKIjfouxFKKcrGoOeZ7aGPkVkSEVvMs6sVo5fAAi+HGPJ6X5+PcedZZ/3q5Aj4NUOpKJsmzgACK7yONnz0Le9LqO2mo8w6w23fXFcggh15M6+mKFQp5V4yis+DEYcKZInJgfVHw22lUKzpc3gyW//rTYoTsGoWQ9pVjF1incIqccGbSIM0vmUZhRkjgOsAn9gACxkummTJZnRJLe+KTeYfBddbJcWKVIlsKBebAMcqsowNlnRqUGPDdPPCs1gwiquwIUNEjhWwAFpMEGc4kCOSAaGqhmfKDgBaCSZ7hQ+jl4UXpWE+fhEZpsljGRPsw9cQ7e8zDd9LRUG3MJ8RPGiSbqgXTA4I3oudr6r1b9BmWu4pZQFq/WNmdZbE1f4BYAlE8NDm+enXjxrAD4bkPgSMzqkdlYbMr7SAcsvnAZV3Q0EgJgPAYaGC4ii066BWz4XfjeHzBkxb7F6N+bUMB1sIluvzSTc5uC/9Adaoq90+rer/6lcI0TdGud+0T+s7KTsuMGQC8JJ3+F5AC/w8FbspszdD+gEz0cxf7gbXmP3aRwUHTU4jBL526NzBF/j45yWsbejDPRkdGUVuiZQBzaQbofor3buNr86xxGYMgvz1j94YQ5kOVRt2aYXkAGmn+uG6rcRqcwAQXCoOIKPZKM+M54nRkRRQ7QBFwpdJ4GxHM7BUjSpwquWzso0Uz8E+Ihdqau7ZjFDtNiUgHpVhEcM8vLeLC5LbmkkUAilg2mlAXCtdyuu3FAhsMd58pb9/4tzQAL5LgJtx9MybAdCra1ZZG/HVIx9UM8uaFqg/C8cjjgAokq6gDc4SmQDQHA06WpYqm0xQ6uuezvg17Jl5lujQS/13cV8YAAPNtn4JhgE2ABVM/TYoD8e3GTs1YYcAWJR0Uq5wDxNzv926RqGM3xN7ZLRUW5dnmn0Xvodornwxyy0TSYEzvV/OQAGb1rRXPNyUYO0NpMjr04CUSXHJ7uHZ2AlpEy51LwwRuq1Ihw8ei5uHoEEwJcvKEFpiVxGi6IDZY8pVaJ8CUZfbTFDSM5xHpABRnF21468+tT6bJJAT45u2Y6KF3tkL/Fu+sglFXOjOZn6/ZRz5WdHInnc5IhKkWUtlg74J0gS7WThI5qim6VyAas0DmIcvoo7IwbNG7tPRGDzSPZiLNFvffZrk/cwgwloKeGyqoXYVH8FWpIUSmYAAb/tCssBVX12pbIs+EjhaKmrjb8JARlrrjRFXOr4dyvRFV8c/NIKaZI9rGwkPua6mC9ZGBTz/Iq1e3tMlZi3AapJnuVaxpkJrINMq7fZCrj9DBJbGen9vQhTtyivQ/2S1fucdU1YAKMOjDfOHDp4jjAsAFJ77O+Dg18BR00uVUmoPT3eERHKjfOAxUAWlfgB2GCC9AWejWMwISElurQOev+7ux3VJqzcvh3KlV0dvzeL7m+q2q342LVqsRCbcs+HmQAukIaEhXC5LVY3Q0C1n4ZFPdm1P+PZWwA+yf4sN6pAMsPdVEcjoEob5M+Iq2L5MSgQeFEBLW4YW33ArClieN4ZbyTYtwo2Bz28LgBuXbebOrCiD2ievcuwy4dNsAC9ifewtaI9Tq5Ycp2RYvpToFHb6uohr1uner3IVDDR4erBmA3ThJ33I+gZgPl6z3bZ6wPf3Zb7Yvg5gNP10SeDhAbjwitG9AFWIQ6OSC1clBlnuL+NUJzTSVaiIYaQtVMZths6IUTez4zs10QDl/qO+Zr30oDiQa0yortyt1IIi4efW8IDQxXPYmTolVt3rEAe2chNsNZJW6vE3ldM8X/pFqskOhEILBejnYJmEwnYYBymOnBD5/BlB1w2dW2d6x/zCGr6GHGrIEQNQEB0gfXjuMaZDHMOShSekOgr2jP0lKGC4Uw7mf9IBVqS/qUF/2f5SOMvSMvQ2cPCfIoxWXCYGiJPWmUM3gkUAk5nDXv1/4CR/8VC6G1hjzqjYvVgbwhFMzxunTVRlRDUnTu2kvajIB1gXIfiDrkzbOebyG0nlCmRMJlMaKniZOyTlGuS5endIWainDdqgy7giNf5pyOCN21LvUaoLx5dE3+TOt12eqijCuDe1WyiIZZd1nlvuoN6csRAOa19Oea6xYjvN2emfF5dNwlxMRYSkj09J6WPftV2KwJE93E4y20e3cpfsCxvNwVzgVmzaTSpeaspijfuMIeTFzWu0By3LvQvmiPYh1fE8z129H6acbJm7lx5zrf2Aswft42Wqmmdg+vCpHzoJVKY88oaF2guBKxvrpz4tzSNy5OuDtFS+YIonhhAAd6lJKLoBxcKK9po6xMGd8i6hFo8+Gk+6l2VJ+6eHMYtA7qKayaDWkvrnYDYMVPWs+qtEQUQdJN8rbiAaTIv3fbeQSNzxdpCBRjjGaJcZ1I28e8GXe2hxgB2EMRDPTcAOKzoCtWclM9d5u4Zy9JVyC9kNYFRnYwvNjc6GL/O9+2TgsVWPAWf/XDomFIYDpo/HaTT5d1oC1pFF+8H3qpwGJiARNdtYLyVzEieHZwpLK2CVL1gi9u/b+1IkNMHHPSvk8ah+d9eheorSi7BC+ua1ynwHz3remKjrH2WbHE2/S6zJE0QX+VddCse4f9FUEFzBYgAiV/9uGjxC6Jkeu/UQU0PZ2NINLbq0KbNfi5xYhZ30+9AAaxDZ/+mUkZv9oTuhMi3dl+arjnLJdZqjlh5oB3/JnyOuVKCysdY6lzZQp2uVa/BO496MUHc7o6d4WuIw4KLI8Zycls+FNtVirxjJZcV/d0+HwyeYnoHgW1BrInaxbnO9D8xxP0wVvb3iQmrEEYYBZWoSbmVUzd/j3TX6HBRNJ1bjIicOfvTtdbQUHv+rWel+5zk+l2wGf7UcK0yiNBy5AShYIzy40EAcQKuQq0s2QcdifY3WegTRBq5IKZZyL8AERCLPwTMst9LE5ynId3G2K6hd7H0BCmusaztG8T8oILUbe41GqljIAAwIxnVGiscO55bpCDsK9hwqA3fsUtkMrJkAB2T/1ZiRGc0F9Ghz6PpsjxjccQfL7EzXPPAB1bf0RtCjiBMPmu4YeXpjX2IJBxApruslLWrxaaXR7syo4pJBUbRGrKGUoNkbWiccgaPeEFTeiZa4Y4mFB57p0ZquASosNev7CnvQzrmcp8aqMCAoQE/zwjq+OfjcMZcbuatV69QHlBGo5cnkXjPbHtLYBKUkam5vLS2m9rj0G7zMPFSUfQ4cu5dK9oIK4p7cuzmovqHA53IBCNVY09jgebl8nzbSCUIqnjsaeSw8o1p6irK4XLDXp7whI9WHbRXjMopRObxILaYFPfYLbZGcFuxIGjooFR/jSBTtwc0VA9Se0ax97/Io2rH3uJsfjVdF5tkrq9VTy4gAduITdfKsNAIfcAu/qZclxIn7AsP0stILdx+kHfWyeMyy9uqs71mn51sltD3RWAnaTyX7UICO0KpQnPR13Vy5C9YrbRpM18KoRJ5nFtThDlTv0u3imRxyDniRb1G807twQNjgH3YzC1M90dSJ2oMNpbTWrw1ExeoVLhngPQr5GNv+gF4ZOZLBRHpoBtvnEW9rYXZ121pKe0eO3Yt0gYRKiAKAlcu57xWb3ynDLmzGdl1EBSxBKJ1a1QoUwlvA6CB2WXkYbDg/Cr43ujNMtyZwDxq8JD5Rln4CQ+D3pMjR1ySrao5deL9WE3LjdDKxnzwTNetZ3SAA9ZukENoYZm9jwpNfnQVOKmX04GQUzOzwXaONll3uBke5Jo+Sg4tJTAft1QFs0lIh6Lo9iBGK3aXLrHqs5JX54UAFODlNEYbDlnrFTVyPJ4R9I9AL7jyCVYd9DA+W+uUlLaOKddmRCD/xx6bgCa4YI+Rt0jXCZmVyMw1Qi/muVtBXekut1hj52Wqls09nIV60ujGBOp4GfmCxOTDh7UL80p9w4bghJux3P8+MrLdjVqxPvRc/zIc7CwMFpkS21JlrpCIluE+IzVCaUmQ3Aud/Rj+qnnhdH+87urGBDzpmwAITwOA33njiAu98PNNgnZiqJB64Y6DEmV2MAwwpNzypDTWF/6weTNQI8ejCotFWgLxPAfMUAaqDCMyfo/8PMj/rOP1cfx+e44RSBfrOev4VZ96mKheEWkAUTi6AVRVZx78b8xirmn2+vmd2VSpCK9cX42qq2R7B34z06BnTY4KTGV6K9j5IEpWSctuWyAQWWYUGAx6wj0VjcrVLQPQZbhxmMjpChP9OfLW3zGC61Kf/aR1PkQeIOz22iIKI//bs92SmhABFSjC5Z9TceFagmhn4+NKozW++w/e1tJyYgk/UhP2QDE2qYEHDXwV/JiEWkpzQmzOaMbNTo1CvJs07tyn6h5Uk4lTGfhWod7nAvfcL2DtiLQzO+Yq35GG9tPMhlWfAPZcj2oC8HOnwmuFQb3Vi7fiyOrYgcxJ3MvoExqURjcb/nAF9KXrdmo8utqjeGobW748r5oELhuIMTmCneP8+sPq+jsgwrMMe59iMDJhBvdwThjjqJ+oGrvX3UtiuMKNQcm4v1CShIP/YFRP7XFEEB8oQWUc4duqehzbBro3eCiPh/VBO1FmGot8nNnxrK9RtZNzJvTVKqPY9HPVpI3tYRE5WlG+dJVCwVDY8LQGPLPkG2NsDj5DOjKrLhYnavxCxJoF883ULEipH2pTu2L2vgd4WynRe5Zq2CHvfpDIa/o77FDSbZEtAAEWDfhOU+FZa/1S4uvHFlEoUq4fe0H1lpXGtsetLqygEhGLU/F1Rj0A+FwbLd0Y7vruvni0/tOC3MHMzbDHbx+bpuQyqRHrVFqPC7eSkCODUimV18NOTxt4CDwrrmUpsJBaBpG+mQUQar1jwUV0weZTSJk2oVmcWudiObkMl+dB9O/+7rSdl/Gc0ilcxQ4HTzV7Vrj/Qoh5zwgbzlg/KfYYiLdtVibwdUZmSkUETia82j76qJ/rxf6OQNISt3u21KCUZAl43HybdNKFFqNnJNelTsc1ntXFH3+VxRF+3nGm2sW4zEGVS6ve6BZKoveq8FmcIE6VQyoih9s/ui3Fqqm+peQuWHLJOJRkyHQGE0+bgGoPOrp3wCe0J18x9zsHc7LbvnNzSyB8uCDh+W8cgU9JNrjH+K2YH0ciAtj+mXWZOlisd3g/T8IcuPZYas29NEK5LD0oWzF3/oayuKYpYk3MZVuz+mPO+3NLRJvqDvjhB4KeBJQkTHH1j+yjG20sD+ffi+o0amv+hQUGqAN2JHNxkrEfMMKPongZNcHnncerVybgwlTCNaquQXCouKbP4jdUI9T5GkxSABne8Ys/nJcD5r7bM1b4H1k9bD/44eIv9cJCbyYG+8JffeLD8DBM/0IO3m52X23DejHcuZ871iL0sUJyPUU6+DywL4m1V77Epn4Y2WFJALWMyrS+Z5J1Zw1/grM7NYXoU4MPY5bgAhfR+nLzWJpHku6jncu3FWi4uB43aHOVb1+F5QQIvIbPKTXzughnsINE0B6VjPTJVJrqDpg8l8YUyAX9MsLU930nCxovedG769d/P8ytRDMZWADbt/PM+XSZ1myysgybC26Qp/dsEqfC6q1hi2co4OK5HmVSPo218GFDL6FEVTCGKa2sP/CILY+MtrDjUCiZtjNZjZhShNqGFMBuBmniRxEAJlstR8jcVYVNvcEc/g3dTZnFbDtWLLysM84TvkAKDMsF6U1qMVDDfdSGViLrHwTjnprOCdI8EQ/zMq1FZ5w3N5nIGXO3CJE6QS0JleS9FYBKvh5dpo+cWRh/JuyUAzEoTe8Pg9zZIvOyj5Pd0ae5nXEjFt80rKH8VH6aLES8XOvBs/v9Jqo+v/RPFv56mogUs0CyFTZSw6wxrtDxL/Nqrw9/kecGvm7mlismY8rh0E3Swc87b8pMXFkAtySnVidO3qZ3vv2djeSfT00MDkjh13J76BKzclMUA3g1jMdwkvufmKfDA4JYJ0MA+N4RnXswWqS2ienRu3kJdJLjUxvSVZC3l84QYcNQ4Cu+sb7RCUVRAVMbU26NXx47Pc1jvxDKtg/98CACcvq/8R1hOsDkLEwBYpRDSZ1Y9bT0P1XA6U2S39anwFrUWJ8uj7rwOFiKvdDU6D4XwGS3R0tG60TtYLEEDCYfoPjFoFK5wsybqikl7xt9wOrkTrdyUuSvnXoGenHKDT2TUtwoIdHyjsAE3Ms1FbVR6cm7n6YKEqeWbdG/n7pQHx0rN2ik7/wwrnBTrZW79Sm/rc22xoL/4f8Ee9Xz0rB2C43qTPx0b/vhmY0YJOcDIs1Tle/q7lNcXBucT5BCoknDOUnB7TgNBcME8cny1TrIQOaIh/RSigRRoI2494bCy0IMS5O6EWhYxULYRzKisqAAzGvnKj8PX9S5sgcBEbehZg5ca91b/YFDRkrH9vDER0oOZdZPuuGPt5dN1V6tXLhMxbSAABJkkC9lyaQvTD5i8fOcSQJRPxRDHs3PcVl8rd9spNEe0C0+MMr9iczSfmesiYf/oszrUjpOwZyFceoKxNYtxrE6a8WRaKZudRrOu9c7iuyoLkjqLjU/xOpfsYO09UrJfYBqggGLxta9ic9eR6H8CLQTEAKk7giGVN6wcW1RHQD38YyuSbd5TZGBv4tVXIBwUNIYDTM/dNDbdHQ7D31L6Ythz3fUvX5x2ZcpJ4Oqs0mfuCDS6ioKOSXJGYILqeIGHHV9EfrZvV2mDpn7y+d/hTZPFzQ9ItqiV5tcphhs2pXVyLoKYU0XJh8hh85W0kVHW/HAJsbfgiuwpPsV3ibJDX5IKsFhb0xMn22cumagwWmW18x2Eo0tOXX6hZ1V35/nVmvOQ5TbvaS0SEg1w9wrsaz2dBEOLhbRwnEGJitUuvsk8/1xzuct1JF5QA/sys5BgDR8LSBxbnGtWW67wxNLCztFJ8qOyl/tXDe2HztPl7j93TZ9YbZdFU1RhHy6ez0gZ7L4Ta/cXKzjCNhk1M40ly4wu6VcWKA1k6Grl4+HHba2pC3fDHP7Ysjqefi8adXoHlSmIJlJV98oiP5B4pDV+x22RL9WkMNtvpnCYa0e/MgI2M8jxbAlPYQcREHvXnyCNbBh0coT8lq9DsD4ygSWG0MeuWoGLZqwsobWOIfGLGlNukz/cZMrB/ozM2rrqJMV/40jNmlI7Hrr8LjXmVw/GPhsrcxq5Z2XF/1AB1BVvE2HOHSFrfJj0eU1zesQn4WzQXu1KOeBvjE/fkPD35tFZ0pUZN4ABnG4RNT52mV8NFb0rcksL2lKB+eKXrH11nIRPLzsAJ92YK5yjRc95UzumSAV0MmyXZJDhMUiF9yhcVLcXw1MnUiheSSnN8mtUyPRoEr2V/z39myJl8nbhd8uLieSnwtoxAiLK7wzJlqEDa51P7diuKXq1UiNJlxUKOIYd75hqTkIUQWq4KrSEKvRpHAldyQ17N2+V1E1IfRhEiSbzOZeeENO3jPB/4vKm+plcV2FIjZ9H77IDCL4VrX6YwQKh3qdFBR6FfQ0K3E2X7vE3Cc7lexC2o/5hvfUMrpqI7FqD8y75XbmlzVDT+FiXQ0+XvV8N98py5riUXiEsUywLPbD69qBAjQxR3safbrMeOTSvW6ChxRuO6bV7XAQcnZLz6FJEyeMwmrPgYfhJrfO6hxyShPdDn1W4DVyrM0B46IXdI4Uqgm6CBYiUvPa24RqSA6N0nRNKeB3k0DrLoX8GCLAQ5F2R74xXyFvntFuH8hnvR1j7WSUWaq57BNQYxDqb7Tl/WRXhD01stXH8xCNrPRC3GQbTrURvR/SoKH/uIxWSsVJhojUJXu5qU4iT9wegBehiMXsqDqoxn5wZ6WWMFQuCvNjEdcGl1SNbV6iovaGoEBu9Ncp2uH1iec8n6XBmh+6LHOSjyXE1Qxslb0m+ggG+1FtHFkEoVTyBzhlK/w6M5O4Gf5TMdItH3cF3mo7ewNV81ZMk7jV0M6eexDnn6+UkOSNurqolvfJUfp/20uAu6gt8p2U/vqQvPsBYCThsRp8JebD8PHewOHhCOFCEHP0AQCIBUIr+vmFB7boSgtOXEoUjcf7wuQmRB/uI46RTxjTteS2QaByR5U9XGBlXvve4cltOcP/cPGgVtb+4QyFrQeezUMWXDbejmTLjRDmZa6IMnZ01txVSSqLaxPx5vNS73QPwijHvOtFDh1d/JRNmP0gh57WqeuA+e+AfeU1wWMB16/SPLywCLL/u2uJjlcldM/5vo4xMJJMAEfQa2OsoeBLdLibmDNyQsWQzgZTC/vEjlUbcbcffYDBvieINbSBbtBHETShD/CIZegAfEUH0yeocq3/31ml45BiCrNlFZi0w1Z60Yd6tZ5EHLvGIYoUiV8tyYZl0zT9GWpXKnxs20O1q6hA9aLnSWjp1owC1fS/AoUTSSly7dKif7tthu3+3FJ/l8FPDX/j6i7FjGr4D59oehZ/oOxLTzIFs7o/SUdqkwjD00lrgXALwC6T/qzPqk12MsB8cNl2ibFHbSkmNVgjAStjeFVIIFFdysqQU1KPdP+BWtdJmL/+bOdsSzU0x6mCfbF2l2iPYcyU5u5zzpjWkFNn0K9A6mkfpcJ2UnmPD5/Ldnzh1Cia4X5XBe/XjFALWcfRp9a1t4KxLZQxlKM9hlJ+9jEs9UzcEvdmyJQ+x4ZuZCKwSBpgGwIUgePXY8CkKbc3d/Wm9v5ldzInp27bPh2ZE+L0EdhY+Kxllx8xbDf9hSkqpGHntJyxKIPNwqNw8RM5foguAs9QE33jfHBsyQrh9HomKtY/zl6vwgNFBIMZW/UF6PXJp7nZb6l0uoUPycclhOJ6IC/Z0FkQ3FeWtBnR7aTDuyVvjBEBihRTcs3OM20/p8gZgLpitQdPqr4pkU1awoDQ/oFjJV9aZOjnO69Lr0WGHDzgrYm2V1KXjwFc1AR2GSvSNmNMTt6IxrOtdK0zsqYgiwGQFSBg51QVDvw2fLZ7bGpgU4uurTNxJN181W+Iw5NmQbPXsUvVILX1HK02IUSdgBpXC1WP6uDpx3zCN9M3zITHWn+BRHwmUc7xDeoyrM/fOGv15CkORYJ0ZXHAZTeTimaNp5MHYX9M1F9pvxZH8Mg7ieP7UuJOsN5AmYSKEd9HyFnVvZnKiliYSpYKnbrQ2xXmfjwkGhWSnZlm7gIXnbsIRP83Cu74mV8J63H4HBzcSjfSbQ4dbe98+i/lGImGMC8cGZ9E6xC6N399ruSZATXQrYjpsVcd8u/N8bJb4UpXQwbq6z+heR8mDVl0/RDzw5eHMgjviPe5WX2vhJ8gFuVFHMEV0wfIZvhTORvAbFtfpe2PY3X/E2BOnsbP1V/PpRduFXoCp5V5gh/5FprFE9vY0ul1+COS/B4G6IXQIfOUNPOdmdmgyZv2M0os5UHhiL35YUZxnKsVNo96AIdA45Au43oZ/58GtQEH1KxeuU5262cYvsuiH0daH4vRYhsM/9VVc2nPXam6wk7hWchDWlewvZHlgVm7fbnjnlCDpZX0ONb55QgVELSZqB5R5MDpejbcpQuY3zsxJZa/evbBF8WFs1TUt9tKjHv0m5g0LFoJ/fgJ83FmWm+t/8h+btIUF8I3IC8bA+gGu1ffb1dByF5PX9yO9v6v86zVmSJwOyZiHuy82GidH6VLgQ8LP30C8U3MATT9G6FTInOpl830y/FvH5S7XUZUQHpm5AST5filnM+DcCuFoAISi8i19v7uCGIxdFi/BvzLnr5tpVl2u1FSK8QJOvakq43ieM+qAHdT8irhxQwtHwHKDRX1r+6HfD11cu6oPTBkQRKW+3DHG5TJvpu7obQlhpALBi8ovabxJ/Qv/dAq0MHORYkmA679GQg3DO0JEjoYVKUZEsbTP2ao6Ciqzp6FZJeGLk+rUyX7+wyHAQ+hZAM0uS0dyCU/eftgOzRCEq2nikbziXjh3cUgMzxZX/bwQns26tLI2g/56y8LNjrfST3mTWOmlO/VMqOPxD+oJvYcDm9HNMQYkidXOu0ABUXIIfFbp5x7nqIbezkFTNPKwclihULEBYU/SVeeY3lodcmbYBP8tc6APJOyk5txvPJoiOEDBPZF99eVXirLES8OJoxT1Pa322v6rZuQO/TuRYdoEFWvfM9QwfP4tMkKAvSsk1jm8Im9u9OUskHxYT/NeUXnxSQx3+zRVQftud2M47p0oiMpcNtiHXZa6R+uUOyxIhYAmrMbXo61fs5j1Sk1mhiYrzW5Fh+/SeQk+bxGVYN8gqAUp519fVWxpEJJa9hXv9VJscaf+8YhP3GeB0jIO9f2dOkwbR6PIjrCCJMr58TrUKGB4Q3DjWuFcJcLC16WQsbnwyHro+RfIPJvCIoms/PDrDnLBPv9lZ1wD0IyiKBpbfW5L8YOhG0owyen8FeMlnooJJlfS96Ya8aliEoKJOnvHkvdruhTdb3kwua+wdCreq32lqhZY52zcEUX3mKRPSNMfwt4C9LweX2VWYtWhzrfG7Cx5q+RR6bOeVxeI5oohGewcSGbZRVsIt5RF4rIHDY53uacttMS/2bdC6EH2LI997jVzaS6Z1yv5lnA4V/eeaKULQF+1aJspJJzv/I4BV8z9ZU5lN52r+kRffVoLZeWWyHN5jMPxhNoZ1BEoxZ5PtNGMGsQmf35tWz19JBFwxSeCDwaCNTXZcbt6Y1TbqYfJDI6lOtSqYit3lgDsYFkjk/ShvGe/aOErkVP6J5aji4Pa6oo3N+SZBJ4H+OC8v3rPscUB7czCfsqvlqOFogFUnj3cF8xSZcbcQLdSRrmpvnpEh/NlEiaaKyD6pOzPmPBorULgKSa4F264CQh2za0D5NSKA9yJgwEhOQErSi1oDBBJxtQHiTaX+5TdjOFRoLkKs+d3uniTNaDNkWtYMOkN3s2A3vSQsxcHjwVTNLulBKNqOZdRlgMmeVdnjQPIr2icS+XJyuTtpLIkPkXMpcsM1l7JvmuWiwxhONCed/9mptFSpXhfu/3pqxLCZdUyHoP1yoV0t6DfqFKYBR5W6BhXN/gheTEOg2pCVXLc7wwiR2p0Pnfmj9RMRcjIeGVaeRmqTH8PYjaAw8Rd8Xt+KBiZSnD1tutLTKcByhcGnqmgAnxBYSTpiTFLDDg6569WikjVSsJWDnkC8dCPA9g0IoxPB5BVv//gUxXDHaakb4CNDbxP7Ba96GUrQfrvHlBFEOuX0JHibCxAAdvQpOZpfx343wafZ1Xxudm1W9hw5zfDRDMK106drP0Q11ELfKa/56FpoyhJFA2yyK/Kt8aHEvM4EFpMHqcLwXkXDteBJv4i9CtIuh7U04zQpyiKsMFcrABBhmRngHbp5zj92m0uTD4TQ9J+Sjp8PpzM5+K28xa62gwIXjMBySzEkHsaO7jS7RtINgnEKMSZ8IVRBBrnGL8HtYDKjaeP40qbAX9ZryjpvRL9Rm32wWHk0Za+Wfhis2Z0OcbUbMMhTMbswIwDKw0GHd3F41/VWmS9rbBKquq8RhQqiBNYA8lzjWgeivv+SjPTauJuNRHZRI+HriCzxuGYvAQKgnfOVWZ/tgt53STqlzKbm4XjYCIsQTVav1dyLoLn+Bunerhm1gx04kO+TGys2YjVkfUnUEe8xvCt6b1WAL0YPc29CoUEZB8luQ9aEgGsMo/gfuehJVV3wXKk16Rq1+lnRL9J6DKS0eiLXI7E4xKs80mKInuhiAoBvr7IGfysdwbjtI+fu1XY1Bi38vplKrYfBfrQHeUQ917Us/nyCrnjerCItU1Ppu3C914PJw3ahGRykIXH0tlDZX0MtCbJ1ynD/xBAJX5gwQzSNpAe7IH/SyNiFrSFk5Qw1wbchC3HAkE9qwWQIB53bWfisGopC2S22q807K602hK1Dx4n4C/d17b/2Vh85kDit2a2Fju+X3LoRXqTQzmDmzZhAXlTRbRMCzi5v5iBwCayC/G5ROiboqxAGeFNa2hS/r5IlfIfPZ8NA2xbnjZKRuYS+Y8o8XCkvdqWYSKBhxSi/19KUzrocHgdtY6bXbfNFnRy6yt2EHnfJkA8XOS3Z3VfIYC2DpdQKPvmcyruMhUVKyI98GrjLRbRuNFFqSRCuN02uGTZC6v7FG+7rXbAKvXGUUtooh0vXzS8ZEI1jeb0Jc04OhqWJO+XQkDUunI8GgjjaTRDsUAedrv+7h7MhgsCqIX+1k6IUz4zkqjJP/isDAvfojsbQyvVaiOAshCtyKqsjFXox8h7Jnp+4cfqN7J1JtJtajqRJT7QCNxTxhGCV6sCEO6z/ql0ErwPSLl514joLw+WnMNUcMb7LKJqQNFRpp/mufAX4ET4VcbJXIvv8EGIpVcKjjY3233bLT8iIcLRT4i7L+I77okZ7hfe9M64zislLzL+MfWDL9aJwKhc43hx09SUkw1gxpgVwRxTRCrRtpfz7Fmk0nPn0lsfH1onw5TXLdO3COeDto5fDhKcPKi4wp1yZFVE3E+6ya6kjugb/GJRbe3SL0JdRNiykdGoXew1vUyX5M8lDORM6Rnvh2EyNSaEX4/7qYq9lEauNMs8zdUuSlguORWXOcIYgH+W1h0D0MfG/MJhMZ3SgkdyVELlW/lNY7CyXkdrZfupI9GUmhq1iCwlb2rVJ2pMd4QH9me7Vq+fPbqkTXOvb6OYban8zFmrKHi//+IYJ9mQY243E6P7AHAqnmpS7GJYcTZx5FWPJJdE96xK0wLIfV6Je56bhsC9cK8WYVvRItNVIGo11+A+YWYAAAAADtfZ1jgtSzdP2xfN2ilAg9JeRhYccgNz9VWHstLKK2jvZwjP18WAg9ILIL23FCASBRTszwf7n3VpAbzPt1BNpa5WUPgwwElhF87qEmjJmSOrMZLoF8c7VIAu1DLs5PVZQ/nvQPXlcdewSVcY24mQI0XlxdRHRZn1u0MKez0Mf1XteSUnTMu0Xx07J1G4Kya7bJlBL3pFAE7XnHp9r1EkPzAGL4KNm3deOdgOi6YmNY2C1u+hTQTUv0DGXOc3dEC7gw9uiMVtC93SK9ixaEXv1wk4qI9MDPCzb46OtYbsF835hfs0QJJDPKAmze0X1pZo66/OJ+CZyfS4TdRK1SqYhpWTpPyim+aX73Fxnra9RmBA8pvosKiUPlV0OUGqB82nuAyykcbtgY+R+8/rNw42/Y8FojZFGqGLgD2IHQXXaFZ9DygMTD7vGDQJTdCtK7Z6AzEzSV+FXsThh+EIVPsZVa62f7oNzWrfcW6TsyMjPSkQGKLpxBvigzr2CNAX1gcXkMBDT9VZwtLobmV+Njyv5Na5onYzyqaI8kN4CCowsC+YPgXSJrnzwTvgzPBr8Ue7ZrdSVpZO4xV6OpGYeZ++LdbuxJCPbejLSCBjkl6oQTYx/qtf81Sl/fIV6fZM4YRTKUfOkm7X6oppcfNaF5vC6s168NjxDlJUFOAWCyQnqPBJiTDWeP+blDmy+afqsu8bDyWD7WS9zXwvEp4d9ZOEIU3AewbixV60mA8P9HZDWWKEPB/dQ0wEzJWIGDEmcnMuBi9be/vusC80rcC2o+dQ/eUXtbWJoBU5+p9zQMa0KvKIUlXQHoZmFZhyu4+H7v5lEyO6Gr5q+sLooKQ/23IFWenSurundm+2OsSjgwNeqNdJDWf8qo4oC+qYRSk6HI69TBQyLzoE19vi/1fYY++t+/FGLuiZhWcjrZ6KyDMRucSDAMzIL6Z+aHP6a5mttPR8OBib9H/kHHk2BzHeVx42efpVenwv1v4YLNRvlnkCp6hi2hCqAT+sCfos2P5IaVFiR+sGBMKj34YNJZVZzPja43Xs76lA7K1nqRA3c3TFYks11g9UexK0fuuHa00eNVsJdCIMiZJCR9oAh9dId2cL9mCLdydXEBX2cVYlPmcCIxC0QBRN5eK7NABoc7uvSvIAtv8n3vI2i7KJjPITI03Udeb/ooiuhPFeziS7QgWF2v1k/NCGElxdmFyfHH37BtmQWiXRaJY/V9F6n81pm9rztKKTPmMONE+0smrow1gW22ITIbpbhjEst2aeGYqPLYY9RxC6+DV5wlPCc31lVHJe/qe0wGwHH6l89F8FE9b7A4eIck1ptrBWso3Fqd6IQhQYIjM/rGL6wpBvqGTZjH3oOZVsblMXelWchBqCTlxK1V1PHGemS5z0Oege2XQjQWGQi5G8vSiSpB0uiKwxoPe0BJC+UM15vWeybfdo5uUDZxZ/8DJ5F05RG+QEoyvG5FC7ZFPKwO1mmsJWmd7B3PVxZuLXUlROdzyvVnAgekJ8Ljb8yQ2+8JwXhEyqd4lIiihY7BtdOJVzZ/QHa7T9HOgLpNs4GfEzlwOXW1nz8FHyGvKRqfi0ZOWPxFx6KhTzvMMxJOKicmOQz0c//OZ5aBgZkPDBLzyXR1TT4HFVnV6B5j1ykjQ3c7gN6XVVBbH7+tNpq5J20mja8oJUyYjwnrOcyqkV5BM43lQmDKhrMEaGNlNFDHDqXxFzVvImJLekEXDnOCesiPVcCq98qBMrYXK9TWpM0aPnsT34syOJS62kPRBM0DTTBkq3QcMbaOz6RvPQYoChIBKSDxTZvOcEBvTk+69qlJKqntUzp7euUdVoQifMDVK5XkEkGwzG8BX3NSNYxwLG0HRqQiotF1qZMMWght5NdnQiACqR4R5HZaN8KnP0PKYTdd8GLsW6B8k1bo0Z5CuzWdsViipTqvEVTtcng+BGN9TMcGhIkNJzNeD5eUKvtH7nt2xFpjae5Qd+eB6kEv48fmBh5o2LTFlfYr/8iqAREM3q07LvR0+Kvewd4/LSp+nBvJO/VTgpj5EGfEG7dUAI4OdwceKZXFgpUpZvM00V4JkPDXKNuLCUTZgweK36SmxVmI1VbKKJ6AZ9BmoQavLjYKE/M/b2ybQEAgb6QfI0XRUBq3WZqGPXvaXTQcHoLZNtad2HaAvUzEUiGaO/XiSPjfTINQYam95Xy01LzlUGJrmCgmPsNps3Qn21vuhvbSZBgi07XJElcVAg3b2zdV42JGN/b7E1dU4qYgxRwIOBEcfFS7c/4imWXZdoUf5X7rZkKF+4tXICpQKbLgFM0XLMQJDNjojvl4uw5vzzTEOaGKhzN9dYf1sgFF+5EMdb9jiOJsGc/Halr8OVA6FHUUwbjxvEuErXEWgVS0dz7qdAueqs8njas1kYwlCCJYIwaabVZVBBgu7FOc//WevYHkE+fClEbwlaELWo+tOkBN9NnppQcM09b7WCaEkEE+iG6auEEfU9rlEyDnwABLgR1GA+jY2y8dUVHu5rq9WalO45J2QdQtYt63M6LCbEvI9k5ViQ4YxQNPjUM+8hRMULByYndm7OpkZyO60uA2x6oNBbYGx1coexsaXBzr3F9zQARiOdlpAqZ40ynVPYACcxAAMhL86jAAUh14xOPDKFnZJehgUQo+WEf2SxcRP1T4nksdKWfqWAckAga9SslepAUYZF5VXjaTu3OpD+TgbJln73u8iDZDbh5Nde7cktqp4FzzPLzI3vLw2YplZXf1SzE8xjRpZGKZmfFjIvLkqH3r4f8qDL5K0vDfm1T4udJahXjQVDzHaL/7lvTPSnzlC8W/uaXhQX+7VfuAZFXfpXej5Hp/pJIdXmVtFrsjqKW0UGTzuI97XsrttYmzlK7ImmnxRTjzGwXPJJC5DO/9nA4WwppMlbZ7cgr/YnTbU7HX/vNh9xbjNVvq4wpS9o70ag1G4CfCz31xM02ilGVu5VT67hGLdkV8pgy2Xmg0AYIUHAzKrHCHxwgAP7YIVlO86H+DFMLFjpUnUNKtGjSORwFbHlmOXNDsYbUcuaOpUDMmAwD9nNpMlO1hWwMRRbZyFNaL28wTbfAuXDAXpHRc2XiuAVGioAAZ2pkF4MCmwmcuF81SuS7h6t0gnB0inO38AViE7Bt5F3SelFluEAQANojUIR6nMHqsJH93GKSnJfK5IB8EiKs1EEhNRMCzgBzuzjYHJbGpaRdScXAYi5iTbSbgsIragKioistvVwkHLCD9wD+7klhjZttP9QYOd/MUhSxxPQDbXCD0F5JrJHCdEMnlCVQbYxBPKRONsKQwyB5bS1TL6jkSGRvg3+gcm3/nUoxezKMVWudDRHld//QqmmqhoIGed1YKHt7nhcBzFpqq5hN6pUANFSLCkQCrn3eWJVaavLsFJy23GKnvjNx2QK2+XS2U82Xtp2GS0v1uR9u+OR6/svAMGSjALPqx7vj46fx+feHEOh4p/P94lUSj+vN+papUW/hC2oiDjNq7QMCont7nFVnipWnB6ZNOfwPfhfaNZ3DDvFjcaFatHpgCD3znB/qAPuSpYenbGyBvCNb0zrJClBn0EICdlxI/lT+jwlJ7KEmjaToVq3HIBYqAD6HBL0WBCAd+oEzf6J4tyyAoB4MxL4uj0Qz4UEQCyclJuZsnT/lBMphzwWYLR4fBACWxbAPE+jnLDRgAQEBonxjx+fOZA7qPVf6hYCeeKhLvOt1Ex/+xJNUgKK9g4FSILZGNFC29kkCOJtVg8AAqWtaoHusKGE58egMGXk61wlDozRxR9dVGM6/T8uD1vVO9O4A+s0Ej20StqDhKOFziMMcZSnR1WqBlSxuniPiWLQMoSpNTxHyOuvFnxMxsGM/i1yWfzXsRM6RSxQO4ncYRD7IjpyOZe8qDk4tJ8ubxws+WqwYI7+rOsihqJVWM8056BxqwTKmsc0NPJ0UtFce81jqMfKIBJ1+UYi7A9nHrE6mb1o+GljTIcAW0P022SNsCRM+J5aKMDTMtTIoOsnnH405QQyDN+OhGoqJRqpDWwymLT5Se854K0EmItgr5+QpQoifYl9cF/zqP4wPZ2oIiHNReu6FSq1s+hbRMmWhQ9RQ9JyNSvn+AStTQnsgQ5rx5VsQczwCoPvbtMysCd7nEKSIZVp8n4P6p2DfJ2NY7I+4UMGJSo0KG71zfGCs0b1vZVBHEOdCA8T73td2IxmKtFgrqoXPBcLIzACiXt6sJ59z2BXqg+ictIIiAYpiRM8yoelaBesafrtir1UpvY73+VSF3JOLRdfFcOC/i4Y+BKuRPEtOzm7By8NS0g0IlH/Hy9NZklcb2Ium7Ug15Z3oab32kcb/DrJhGuvW1jMrKiaqpzwwRX7jdFQEeQUGJUJlSQLs9CjnMQdt/lx9V79klScyKfEzwN6uf6MyCzuqZ7Aag794h88NYUA58O/ByRo2RDCGybkirJtJtn6yqGXL0stbX5eoQUhCvaMzGMjHjQcHL+DF07Km+YocoWEMc4dZRiZEdIwnppxhlI0Ilr86Li3OpE5UejgUFFT+y7YgN6z/oA/jWkPIe+ytNFN8pwt2WUbNgmjXmhY3fQP2vBWaMIPP1nDz+ZKymdQaReJvElJuanFVTXvfFggatTYc5lpj8K/6rm9IJtswbVG7MATeTnGbaRMdQ0JI2gpYavGyHnddk9iAaLz90cpkew0fhNTB8lABBFlp3MXhVPUcMElW0OaI3kokG7b6X+oOTak8m/umb8Zvltr4ned4xQSp6mWM1PpRrz8CNZMhNxlQr7JREN99+9an9S2jYgIRWiWJjSRFZKgMhkyvY3YCorqrezArzHxQt8M7kVKiJnvF7Bbo6m2u2KPniZbrCwsO1keQNPn4d6in6A8/Gt88+cwuJQzyK3eMm2lqe3O/Fav4TpsK2EIGVLRy3zZmZUx1lIaVpcYE2QYmYY9gGw28GPqCCDJ8Px+uLT2gKTDR6goOiunWnXiGnMZNbyVhqydrAsbq+rvm+YvLYoGfmDFAAxBetBKk08TR3NHEWlNVHNFhfCYka+BCh075bJ/h0fv2CKrcvINBnrg7fR4Vvdl1mIE50RW07Wn6towyqQFc5mlMf8GyrpDOzlAkdGMWXDVp2JakIlhgnzBWbqD4ZDQU6JEUPY22bGdjUCOBZAV96uwfxMwWTPeUJ7t8NFXhwRnoSG5QPkvYLUwAAABPPBrokopAakDdI7pZe3ofSftowCI+7Uo8lie+ZA/KhJgSAG+UTH+gsKnHywIvm/gOLvhoWvXe2K1GPuw3gK6/odg0kXFt7woK7GZviFjkUqW8Z+7bGrMoUo+j6kMRXGOxqlAiSCZoT/SWXwa4hIwO4YsRf6bVgBEAOTAHtj4RLIz0rsnogIw/7aXWCmFyOBmyeG7HL7NgAAAwzDyThZnH2ngAAAAAAAAAAAAAAAAAAAAAAAAAAAAAAAAAAAAAUFNBSU4AAAA4QklNA+0AAAAAABAASAAAAAEAAgBIAAAAAQACOEJJTQQoAAAAAAAMAAAAAj/wAAAAAAAAOEJJTQRDAAAAAAAOUGJlVwEQAAYAZAAAAAA=",,,Prolynx,,,
Akuvox – IP Intercom (Outdoor Unit) – E12S,akuvox-ip-intercom-outdoor-unit-e12s,,0,0,,,,instock,no,,no,no,,,,,taxable,,publish,visible,no,,"<div class='woocommerce-product-details__short-description'>
<p><strong>Key Features:</strong></p>
<ul>
<li>SIP video doorphone with relay</li>
<li>Body material: Plastics</li>
<li>Camera: 2MP, automatic lighting, viewing angle: 123° (H) / 69° (V), with LED white light</li>
<li>Two relay inputs and one relay output</li>
<li>Installation: Surface mount</li>
<li>RF card reader: 13.56MHz</li>
<li>Button: 1 call button with backlight</li>
<li>Micro SD card slot: 1</li>
<li>Water-proof &amp; Dust-proof: IP65</li>
<li>Two-way audio communication over IP networks with echo cancellation</li>
<li>Complies with SIP standard for easy integration with any SIP PBX</li>
</ul>
</div>",,no,no,,,,"Video Door Phones, Video Door Phones & Intercom","AKUVOX, Video Door & Intercom, PrevAkuvox - IP Intercom KIT - (E12S+C313S), NextAkuvox - 5 Button IP Intercom - R20B, Video Door Phones",,,,,,"data:image/webp;base64,UklGRhKtAABXRUJQVlA4WAoAAAAAAAAA5wMA5wMAVlA4IJ6sAABwRAKdASroA+gDAAAAJaW77HSz7h74rkMaJ/b5ubrpDianPd/9voVekc8fwa/3WP/4AcgZwF+GT/ZbmkndM+sA9ADpVf2l9FrVSeznhC+0P5U/tl6m+Pf2n+//th+6X+W+WnC361/m+Yv15/J/kd/ef+l/tfuF+5/+j/QfQB7j/nf71/5v8f7AX45/LP75/Z/2S/xX/O/4nz5/F/+3/Rf8/vg9U/u3/N/z/sC+x/0n/Y/3L/Of8z/K/8z/lfWB+N/7PQP98/df8kfoA/ov9S/wP5W/4D/f/7X7K/6X/y8SL8B/yf3Q+AH+ef1//W/3v/Sf6n/J/937c/73/y/7j/df9//X//n3ofs3+1/73+w/cz/X//f/f/oP/SP7f/mv8V/nv9J/h//X/tPvk/9//R+CP7pf+L/k/CL+sH+z/Mz9///+rM7aMfMnjTaJjTaJjTaJjTaJjTaJjTaJjTaJjTaJjTaJjTaJjTaJjTaJjTaJjTaJjTaJjTaJjTaJjTaJjTaJjTaJjTaJjTaJjTaJjTaJjTaJjTaJjTaJjTaJjTaJjTaJjTaJjTaJjTaJjTaJjTaJjTaJjTaJjTaJjTaJjTaJjTaJjTaJjTaJjTaJjTaJjTaJjTaJjTaJjTaJjTaJjTaJjTaJjTaJjTaJjTaJjTaJjTaJjTaJjTaJjTaJjTaJjTaJjTaJjTaJjTaJjTaJjTaJjTaJjTaJjTaJjTaJjTaJjTaJjTaJjTaJjTaJjTaJjTaJjTaJjTaJjTaJjTaJjTaJjTaJjTaJjTaJjTaJjTaJjTaJjTaJjTaJjTaJjTaJjTaJjTaJjTaJjTaJjTaJjTaJjTaJjTaJjTaJjTaJjTaJjTaJjTaJjTaJjTaJjTaJaOxujyOsNqf2ymWGTIT92ygUWLMS6SDGOwfPwhBH0BOk6iY02iY02iY02iY02iY02iY023Ez0sfgw+DbTJbfG2sso+Z3TpYmcItGrfQR36a6f++zK4QWKYajyzyEWm7IuKhYTDjmxcJ0+ZPGm0TGm0TGm0TGm0TGm0ibLMGbDQ5VZw5wZtAU1IxGl4M/9ofahysBOYQ68RIHMx2cmg7oEkO6EUVRk/jZTS2J8JGRQIZ0Z1PZcL7JUjVyeD0vFxQq0v8PPbuDJ402iY02iY02iY02iY02ikU10QUMqwIAKWmIQYV3q6FKnDiEBB/TY/bMnffHg37wm+7s2VpoHdUNAjmVFAzL0aCeSjH2gsjpiOvGm0TGm0TGm0TGm0TGm0TGm24quBRljWbTOSPwuT7Cfh/Kq5fIEKOQ+vblx1lWYDJ7C8ZSeeEaWQk5gzrImaKACpbBywixtARterfrXMivRB8tenzJ402iY02iY02iY02iY7L08Nczf5MF07DTvPoSNTBrvIyMETVuu2x+sgXPZDwif36YUV6obtfIwjUQIbsh0f2gL3kPm0b8wKI8tenzJ402iY02iY02iY02iZ48G1uj1VIWpftHQRAyD12nqrbv2jorN1dYnOCEPEqukJm+oKyyIeMKNDEGAK3C8bnjRU04FeyOxKsTGm0TGm0TGm0TGm0TGm0TGriqXP8oBucBkQID8i+Tj4w4ka9BmT7bIPata47udpw2hQle7Cfq9xLoVLk/sklAEQi+kDjgNtVN7nOkpGLAeBEcmLVTBXKbvBdLnOHlr0+ZPGm0TGm0TGm0TGm24rQAQoCYKIAS8oepeZQXbOuBKQLpzRdrDymXn0tkPJ+jpPn35H6MkLO+LDnW//+JdZHv42DON/MhWEXJOeUGsREUtRv05m3cGTxptExptExptExptExptFIpX4FdvYtWkwWHQkn0IVR6leKEXqdK5rJob0V7FYHTYOL3Y3+N7rW6wSf5/LAJYovBSbJUw8yLxDXLUcVTScljGnmWvT5k8abRMabRMabRMabRMauKoJGX2iJGIWEiZvoPtFwKTBr0OS45e+0Te9geNxwFZKQ7U38EhgSTUFkUfg2Pkn8IBwis7cw7vTyi9Vs8nMmDYtxqS5J1GfinzJ402iY02iY02iY02iY02ikUqz5zA8zO7ii+J/FyoTAYlm504sq15Tsg60+wx/Msaa/bhykyojyVvf/u8bTXFX0Y2/ooh8kYIyD30hLpOijrF7/EC78jIuOkk72ChU/eHBk8abRMabRMabRMabRMabSJ/mZb+e0l+J7RY8dEyLOi+wFBZw1LV/TGpPiPiOsUWpvkU4Zn1pKz82ZDOTUdHhKNppXq8Vh/WPYDR/YbfndAvna0tO2jHzJ402iY02iY02iY02iZ48G7m40Ix+PnhJFpGFIC49Z0PKGOPq2KLyJB/O5eBlO9sj6Kk9QIFiRgMPTQSP83ObVudx+jesS/Fm4DrcGXMCKv9hwZPGm0TGm0TGm0TGm0TGnQFLP1WO/ZiL4qmjvA7sKNVi1jD0YYQbm4cFj5NpKBQtKkj79NcAHmMK8xORqX7LUtGkzc2e7rettGPmTxptExptExptExptExq4qm0M4BHjFOTuU+tU+f7NaTd2VCTWeWmUSGb2z/NBB8nJaLjxa4ivGcOb7LpzIUd+yw4dz8uTSlUlja9PmTxptExptExptExptExq4qm0SN09Q1WRXcpDFeE75YgENAakqtlJ508c/U0x4POpIQ8xFBAImQYiwyRNFcAFaLw/Q54nT5k8abRMabRMabRMabRMabSJ/nDwPGWM9ZFo+dATqGW/GEqZXHIIM08vGANzjH8ETL+QE1uk1d0hhXaSkKWHBk8abRMabRMabRMabRMabSJ/nDwgu4wzQ7drxB5lfAZeAQwDHDymwDoTRhiIFdByZbKwY9dZfHkUMWcpMeBBk8abRMabRMabRMabRMabRM8eDy1E6yh/hxlB7/6hy3oBGVGj2C0xF6nlyYz/ixu5MeaR90OPKgNaeJHH+KE+XjqvOBzpQh520Y+ZPGm0TGm0TGm0TGm0THZestdhuhtbZssp7wx/bvFyrvoHaPrAF2o1lsRf72lXGf32pXWmiQeAkBnV3fqezoCa7lhK+YFD5a9PmTxptExptExptExptEx2XrLXkhOlwuBWrOepBR8L44ONcLq7ENyp5oIzN5bSpAR5jfjUzA7d1sGlErebRMabRMabRMabRMabRMabRMdl6y16Y+YQ/rUw01fvxTpqd3JbPVx1B1YfGH/BqGc/Z/JPzbExFC8oCeQr0kdRbNsIGPmTxptExptExptExptExps3o3+n8+1DtyUdkw+X5r61LQZIuKEucEbO7JAIm3KAeFDZgeEI21uw0CCFQSbhApY9rQvtd1XfZ1OiavUjNhYpNIFO5AugFAI9zoqSAo2jHzJ402iY02iY02iY02iY1aljG73QITb4w8xKkHU9iKYvUaAcNHUrhLra8IcLbtXm6TultGeroiSGs31DsFcoo+VFnyGp53QnXbDFCGwDTBuHuorH/2X2ZwRmH6zjhu61SJwYxCLyw989mSLSNwlkm+R9iGYH83bVAIkxptExptExptExptExptEqWKofPg77aYokY0jJnbpgk0MFSjRl5IBMpyLpCLKwwO5IvPBX9AVR0Utx2+Z51qW2lzAi6UhkDyHULdhQy1NBRT7+OGZzpKcUlRjR3jO2GGHJe2W0xgz4XYx4z87rleXrrAVfTZCClZE87aumTxptExptExptExptExptExphWe4n8h2DyydI3Oz2MTJS+a5+zNFjG2aKOVzDWE1HYr0GZ47UBZSbcQe7dYIf/m/MqpY0rDrhpcQF1Xz+rA2DUe8XoEKR63D2dL6jUPoqHBiMX/CNfJx7iEfR4ezjo1Fvq/HX0PKVUzhmKNox8yeNNomNNomNNomNNomM98jw+mOue79OP/kN5L/w/wVaJ53bnnAMk9SUZ6F4+u+oKIYrkOBlCbRLWmh22dP1bxYAxRgKbLJhzGadhnrBnknrZh0OeqoTbXQaO+yqs9pRgN6qQXkGpXkIohv/p2vhfe8dqddUPFgSxDvBweWvT5k8abRMabRMabRMabRC4kbHpoEqs4BCSlyRJ48hxwuuzgWynuYFbQg6nswbnxCCvE7mNtYVY/6L8U6f+9daTnnHYA6sYn2aNts9mSYT8vnyiSYcf+jnEGCrEXPnxRnNJBlfTDaADc9v3Hj5KdHMc1bG6B402iY02iY02iY02iY02iY01/aCWT9lVeVqtFTHltxX1sB/1W9bqRdco2Xi+IuvPOV1S5800Q9FN+bciKRAnqTyG4m4mibwaxvaHwinjE56bVD7fRUl4fLBtuLIA7F+H2swtFL0ZMvX10Y8eYJ0BN1T5k8abRMabRMabRMabRMabRC4kZSPprKQ2+4auk53ywbYvCwYFSHuvpQ8k3tdDyo2r2nroW828SrxZP6pkZqZGyexxKi+p8Ey336ZpjVfUTdzlour4hC/o27V9RUudIIQfOeY1JtDLMgbh8erc6I+cPLXp8yeNNomNNomNNomNNf2gvTJIx0zKy0UMavAFAudsgldYul38SE+KKklvP11JjaxohScbYgEjE9zCXnHlgjEwJv+ioD70rWJJYooS+tyz774ZQ5cfWthR4m78JfF+H/Jg+tmySwRESDAoy7QZPGm0TGm0TGm0TGm0TGm0iC6E9WyIxUmtvS6sGY99nxcdO7XgIVRuiYFPwA5ODl6nUzgIKW5RsgmdjZxJX/AexQFYNvzsMH5BIV7Xlu06hyyGGEYP42N35mG8Tr80dn6vnP6Bg5o4VQIMnjTaJjTaJjTaJjTaJjTaJUsVQ8kmajCX2j/P47o3kySYX4eoWqg/YHpbG5BNJceXAWV8/qvkpVD9MW1HFTEzBSbOMovCYPEvU9X7UgZ7Kg+heKhcJKdNQxcUk2smKkzIq24zmLOJ4EDHzJ402iY02iY02iY02iY02fKpriqAtIXy7vw4iCUyALpfmvKohXXFXvqfFp/5k3+RLkHeJZgpf3CPcuyzCq75nFRXdgck04lT/gMhLuGnj8yUGeL6hfT45p68JtgofPsb8wJKkt+AOe6uLshQHcoy8MyCvr5/OHlr0+ZPGm0TGm0TGm0TGmv7QOGUSMwFrKIeTw7YOJeJBP6nltRowqIAPdbbCnKDgb2cCaYabKAboiZlrc1SE0R05YECCptS6RTngGum1g57swn6wBVfsAyPhkIDG+k3KCf6W+iETkTLtBk8abRMabRMabRMabRMabPlUx8ALaeBUAfx26Kohqnz5ucJuhe321zklF9UQrrdqKa9fKsMVECsVgxp/dGNXm8tjWDE9wY87QHfWoMyUreqj/iyfgHGNO8y1YGumiYJFG/bmftgR92WwPLSFpk0+ZPGm0TGm0TGm0TGm0TGm0Ue1Xb0c8THi9hh+W7u1KAqJxN9YjvliCIouO5RrjOWo2GJfqC8uNlPazJudTARI0HfCP25lmfJw6dtSMIDR7B+V8MGyC+/rgHTN99ovx+VV2wsz0GHvrY1+QJ2xOcPLXp8yeNNomNNomNNomNOfZg+McDU1d9b2SLnUX/QRgZ/bODNN4IuWDaaiK3DiRFxaluSXZA+hnKTCkXtETNBt76BOzXNFWmsvW2fL07dO3BUHHRL+I1nNP4kHs/C8xRBcz6mkfOHlr0+ZPGm0TGm0TGm0TGmrbuJ5KW9eLq+466G+WpVaeZX1XafbA+ztlYofd/2gOs+OoBnCsKdFcYXpioFwcUkGWs2lITgb7n3kzW8hnJgLx3WI7Jo6gXlAo/xKVGOkFPA8abRMabRMabRMabRMabRMaa/x8IWYNudzDXnRrgV5vcrBMC8KJRqXU02kmll4Ww/t0//9LJ8jLBsnsUYbpxgJ0mwGknMkuM5wyhu3qhcG6y16fMnjTaJjTaJjTaJjTaJjTaJjTaJjTaJjTaJjTaJjTaJjTaJjTaJjTaJjTaJjTaJjTaJjTaJjTaJjTaJjTaJjTaJjTaJjTaJjTaJjTaJjTaJjTaJjTaJjTaJjTaJjTaJjTaJjTaJjTaJjTaJjTaJjTaJjTaJjTaJjTaJjTaJjTaJjTaJjTaJjTaJjTaJjTaJjTaJjTaJjTaJjTaJjTaJjTaJjTaJjTaJjTaJjTaJjTaJjTaJjTaJjTaJjTaJjTaJjTaJjTaJjTaJjTaJjTaJjTaJjTaJjTaJjTaJjTaJjTaJjTaJjTaJjTaJjTaJjTaJjTaJjTaJjTaJjTaJjTaJjTaJjTaJjTaJjTaJjTaJjTaJjTaJh4AD+//eI2T/ztWx9dgAAAAAAAAAAAAAAAAAAAAAAAAC1//8XBd6j1FLFSuZMgcbAyCeeP5OWo43KHBomEl+ml8vX0lOYEHZszvcrQbVLnn2hDknq4pk+DmclqGhdgmn7+ZW5mBPO7TxroPHQeOg8c674YTE0YCKM3gNzlVtJ6Xkk5NZ+hkmujzEAmnfVAwAh83dNmBlkxWK10GoR4ADXhZbCsiDf1UyhiDw3AbuCQnF3tY4VxJLgEsVvl5L9YzEXQK5YhoqqKWn6hNoSkLJANIHdkiL0RAAbQARCEx5s/maoeuVO3V9AE7JgYR/QMjFYAI/0TwvTkgk95AGxEw8OSG8b7eOnM1nFgPZDexLV45iRm2g28FPlkn9ov0xQUPCMZfpkBaeD+h47TusoaH6vN+/3MzzqAaSAqivESLsH5urVAfl6RCJAimW7mo/hSvEQGuNaiZGmCij+qm1QZlefhmaYNIwwFHETQ/Ne3UGdNYIAvoyKUhPxMjgzc90W2Bt6bg29tN/jSzoxVZIfnFDt2wdywA17Zyjzioi7kS3aOYBIyhiqbWQJuV8JPlfCC3MhRrgS8CJJ/14M0HDK+ZkMEmLZcSfHQVVIFOVmbMTMdo/Z7w2qcdD6rB2GU/Nm6lv9iSLWarfEjrrJ6a0vxk8mbWNHnxFnCVMLy1gwphYuyKqPyVmgttc/6ZwTSqMZ7XPQ0FYGqSnYc58dqPGM2UCB0M5csDLcRGtZo3OWBJdXNiACu4zBGDLebFi2fEpK2GNM5KK8+dOxpqI7woLYFBAuCVSfILgNUGMHzv6r9OT3Wj+ptxiUxYH2yl6W6i2ksndqC/JKlsKdqkBl9t43ZjJDkgskA723bHMAYnng7QBRmtrpSG8brdx2XLP8w5LM9nIjNWVJDr0Ewo31cd/R3HZvkghg8LIOk9udZmwIWAvNPoSVaWmG2cMJudHpERhgNLnTEBRj6MIe5KFkpU65M5PWynymOfzWqKAm/5B7SCs5ahj9zdTFmkBMaozLMtEl1oXPKc7UUNOIjgghB826rs4yCiH8DvV+sJb5aOQaP7+h26QZfhQ3N/j4chxtsEPpC29cShobedtniGVLoE9NbKWjHfjEC/e68L38KtKzEqghVUOJNhxfa2JhO28MbL9iJsCeHu5jrv/JZtVeKBfAXhFAGeAh33+08j6FH/0Iw5bfxbOhjEmjpyptoBV+77St5Pbgs89tnsBT/0L9lLWUua3ngk11ZH0A5l+/uh0gwRwCqOds1y9XpaDhJH8JaUpU11tyxVr+UVFiNBLzT4tj13ew6lX3rbmboMWsn1+n2He9/eCNnfaw318HmXE/8tW3sZtC6q3rXKCGrtVLzQw3YSW44/EyEDfru1Gy0RrZVZJuqVj/QGOzxAbIy58fH9nWB/p5I/0X+V1ipKuP4Ep6z6vOSiNHloy1dbbQpDlGY/ve1adkNwP5+CMDJCpLP3GoW8bifpgxWn+y0w0dDdcdg8Du+l+k8eqeo/wqTcleHwyiC6QYzhPrebxVuEAn9tSLDGdmHk5HJJKnBi1VDR7YW72yDvV6CjWgeyM1XABBIghn8ej03MUV2KVDKMo+91SEn/2VBnPmJonYev0h+LY//Y0OhevPPctjuhgcRTbi7NDrqWan3IzXgtv/wgExw+zn5Bd0SdRmo/H5RcaNwlS3QMfG1UTR8IGE94QdItIyc+asHBrHA2ERmZniWRbQ1it/s6X1HyhBE3hEVocSXyxaXLD3FZJ5BcmInArtL2Fo1uHhU3IMZP4aun7AhhgtoaBCbwt6pO6P3tKJz734s5WmObdlZ67Zjk011SmAIC6m6CJkNeOA1Mdwv9xOVAAg8N/bsGjF8Mnhqi6Woxs1WUMLmtzF4bT0qb8kPe3j/lvqhcnO2n8bsuI8cTOm000GqjGEhCQU7zvnvgykP4PKHHDZQjmVq82omeoq3X3XwDXR6+Sjq3R+hp/K3QRgPpHTbSAVHKfKrL4Hu5FBandMi1vyu01NHP95zLqtZvwFLnW8XmZT/i93bZ2X0uBwCkLM4r4MdBavvsHKgv6J0CTbxRjp9bfvs43KaaBKamWFW982s9IAgTsCoaJbH1WHVlsCZ87X0ULSSIc+vV5I6dvF503Y16eYRULxU/XmY2hKJf8gMYKOxndsRnT2PMYGKWwgbwOPyNNyEhsuWjGqMSxP7mkGubdfIcrjvQH49ETihZ58RgETrBGiqHWWN/eWl/WT41erP9+J/js/3ec4sgP/MVX61rbRnhEbYYQJ6bp1/4qqWdW46XLeYg/YgMBCL/1H1sKg9fGwTZmEu4HEA9adjPNDyG+8x7TWZhpmvyXcC2Z/1GW/r5R6AMj/pzSa6GwqYdL3BafqlD0C6AB4ygg0aAxecQUDM1him8F+ZpMfC2PRuvOs92tZKIbjA9JirceQjGI2buosTUPh253nDcy+fX70+TQ6QO6GryVtSqY0b7mzGLoH/5pPQnIlJ7aM9q2+AAoPdIPguynn5Ho0vcv9DhDFV015+xiM4rNWMpf0QHY+mFGF06xAc6gryPnr3eLqHUPoZ57eRsJ2NskOjRgGoO274L9Z+PS+htW3C03VSCuQoGi1XqBLkAz7f3Gp33GXA1XjMYVsGcLx40s4t7m9Lp42svj4T45y6Ekfey7sOEUGLclXAvRy3O+Fm5vRzCCM+n6jwZ0eLcubeOJZWGEdP/OyUYujYRbH7Srrc6DWIERo3dOK+odyXRtfmI/DW4SDicQ7DjMoiBPznU4xSZH9+d7S/SM1kOkQ9jJAvHmA8yw0SbYOY7hAK0rkmX/Ums9JEak0o7DzJW7Jf9/2AJkP+NP41QudwcJ85SCxkAUNh6VrtAuBWFbdEBy+g5eLZwdsP8YT+OpwEDmUsa/5kyLfZO5JmWWw3BbFgufBKSGsrkJoHseaGRCRFXfg92pdjEGADD40MywomaHvoRzX3r0di948ppUimuC00VTiWuf9SA6DEYDbTwhl28Oc7Q2L3/x86wwWGuxB1rKhKhQYfzBk45GUM1olJWvAgT3VviXzbAUowo/P9rxGzypjZJRecEEOc19BxUYZUS+XHmVlZ0tnb1aOhwqhpAaQ74wL/WFIpBGzymaLPhBSZH2hH1cSqR3zrCw5UfXyqXtdg2MJczeZQqi8eW5PppA9AH6nCJ39FXwfCbnV/Hxw7k/NBoLEPH/GXdLZ0puT+bWj8KtInBDmpHj8KlBzOgNsAoSr+Ok1G6AHWruxZUBLcFnAcwGLijTygPrAFQB/6+5VYKkEt2a8L2GNAizoyLhg2b3V0KHUsCDTRgO2SAYbf91/HwD8FRcd1A0adELz0Um0wTz4Is801UvcJVJdWdYIB2kHTTQi+HaBGrCQHIf0sFuYbmqj3hYqwCUuQj5bcpmqWsPf/hRKTLguqACXHt39nIwDweOlNCkq3dh0vCHNIpIlddNlx7ZWMQUkB1Wfk69NAnW/mkTcWHaC/RZ/ff9oo2RjRy2nKH5GiTcbfiGB7PZgSkRjWAogNBb9wnHXwqY+ElZO89wQ6hcJ2yY98EmDEiKJ+qs2JvBxXyCbaP3CU9Qx8SoEIbRmDURxkFCcq1mP/yqTBOyUdAEsQKy0mbjWPYiXm/r9fm8sJ5qpAZGJeuO5eulIeAO7dBcC9eFIN9HNwes3DcIXmRs+jjPWdUsPqcZTQFU6u2DiLajdhG2K+Mi/S2lv4fj6Z0jpQSTnQ/YXpNdaB6eQGH6UOJtrRdf/cJ7w5OKteG/saYQtak2EfjijTHlAACY2Lj5Y0ydBcUDLEwIBPlcd79T2X4CvV0GXME6gcFEt9mZiqRQ7YAQcEm+bIhPDQUXrqIrq+I0QJEMIxNwyeuw7yt2FZzS9kQKnVvs+udSpwKM9akY2EEq7L3LNkx82zIrJkpJCxeX4xMsm2dEfb/kUJ19dInyItHqIedOLa1KeZwqs8I/eQ3x4wIze4NtC8H0aJTgNJP3zktutY+Z8dmOzi8XaXw124C+DWmt0gcaXtaASpVPaZHs2BVBMzWn7kWTDTLfrCHHQy23fJNnW5sVil4v8Sd1agq/+UEZWLqmkmsQUPyYuYwhMKoOA1Pv5YjeIfrriDLmV1j/01+bW4Nty5sNgcAtBq5msOuOVcKycjJVSg4xFxPFo/jLBAIRuZMcSWfsp41f86TjParx+0rPtPcYAWcD3TEmI2Vt5cVchj1bIYZgllt6JSHaYejS04SSsV1f0HxpxRAFl7e+SeRfWFjyAdtWnJZJJ+nlifGdAs/rUOaGWkvGhRrNKyLrdYyC+Yc+JtAYB/tp//n0nsWt4EfhcTWy8o0uMiiQ0HXlEtE5T1jKyHKC0yy6a4dXmCfCruhFjYtXAzIc7iUa6MTGHn9iDlxoybBOnUPRLsq4waB+bzZTeF9EDAUB94zF6pW77yyqIU3KU9OZn8BN9CR4RutGMxtA2I7XEniTdfGHDbfNKhSVzFm+iRZDOPPJuuvuTLpWOEDpHmzSdwvnSQdmKL2qqroIl6S22cifxa8OM4cOvH/2Aw6+nniy/8qZH2Wmbfmf19J44tRLCT1Gy3mZsoyMtlUZf3rJmZQ/2fOSXjOOR2ZqwM7MGRNTumnlTicNeFIDdggPZEBeMZWEkxsqC8ktbwpKyn6LbqntNjDDX3qvxEztXvlOc7STJRUAzMhFO1AJxZEc+eOUFy9AiR+NJ+sLqkkP1DU+Ebm1MAIFbPH8xItGo4btwYaZlzNL0hb51o7+GdVQbs4OYmIdLiCREQpTEt2IRF0JUJII+SzxExtviBuxARZnR0tcpLDQ855FYj1ljzSu6evoPdXPt1F5nUefj40B9CpjD0uEhqnJWMeBPlhVqldWeWgNO6LyppBxj34oYVaEa5gnho/hVYChpAgx+tbuTY6lrtderOT3QyjdpeapvXgIKKFQnnrhSxjrpcUh+MLuALBJ0s0kog6m0oLzTxuEX3Qint+XB7/Vv+rJwIkw5CU2cTr+CMzhbK02gY+ELm9f5ZK7VRW/kns6d/Ys6UKqk3MiyCa9THaUcVCugoz8kymKKHHpMJIR7XjfhLVihazT6xT2EcevkqQkoUZo6/ROO5Qgsthya7MB8Mwh+HxuBsHnI/oOgjPbr5C+6pSLXegM6M+7K6T68z3tFX2a7FDquVTn9sMyiTAh10VnQGvCFaiXQEz6mkLrBdcNii3Pt6NKYCCjOpuDXS+3w2dA6xfMs9r9WT4vBW8JXJQ6cWCxCLdV3zf4T4wo4mW3UsGWzEXcUnfYzrtP7YU2BquKhs0zIxcf3xIBgNehyiZUh6UdLX9D956xZSkqc0uIsshnmIMjEF6KVPMDlwelDEQp4LM7T6kQx+Ql5L9Ng01RM7Hlv59YCabgDohSbCqnMM/fGSypYTazzmEevngBQzZOGTEpRZE3OiAO+kKKDigSq24SBgEZ7r2wiGsqV0vnL7iS+pBkui6Hv5gkFFHqPUQ0BBu0g/kzTVq+xIF0UCCPbrC3Wr/hwGiZCAE0wSeM6A8zSjuwjdfeCxGmdxEMlW35GPmsuY3C8VLiFGJwU2cPQuCToRj9p4Wr3Q5lg1vd06H3JEAN6pHVlnWDVnTqPuMClOhxuAAfPsxxZIqznEhMTaaXknfxpVYNcyah7HadZ6izgUQXR+yzZVAyNO4LjPGdhkS6X0rzxszIXM5E6UlkWis9TkTytv+s2CAGOaiHM4K5/SH6sCOGK31NgtiH/zpvYowefb6udZoNUurbrjhY51XWMaYHYWYq3U4OeC3U2kd7OdScZVH91rpT/1mNT94r/La/FJbYvnt6VuEHIIXGHZd4ZGuOA6iN/h/noQ/enc9pLIBMCpe8mS3kMW8mV8Jq4X1d9LW7F95ChJ/Pf7ntnlTW4D991+lHBUVdTLnRfqH39PJ6zRilXQpwJ/N56xuK66gUJFwl+kd94CC4HxICcxsXQTverLlb006d4bQQpLj+9+rdw3KWFATTp/d3qdAh4Jf7n8q4vBK6pLjjfI/pPYbGprroRDDRBjSCl5L8Kyja64SD6KzSiQZiDCc12FRoEhu4IOBvecyJA/jNwoHl54BWnXO89V8limvyg8BxN31C/lWovcnt1K0EdHV3ARmKGxjwJYrx05+D6cCqYP1ov5kB5tyPv23JZi9uHZygfiibs1LDwWlV1UEDYN04cDzky5F0LeT7VzA5/LTvF4cHSIVCsYCPy+WCk6ygHWmcakSEA0TJWc3fJBcyS3qeXe7b/7/Sq/xP9FIT1GAujYJDOTGpm3LHbDeFToyLZG81QKqRW1bm+ZRbyaY+GO+V8rmgD0HBmPoyulgrBEdb5wCjp0fnEE4h261GPFAI9evP/1cB6JqD31NektQ7Ald3Id1kgI8Oz7UNzlyg5GSULVzeMU3QUHBNo45F/YEqjZ4poeCgkla8Xy8horCjILgEBmEUpNrJUGQeICfmKh+D7N8qwH7W/kayYk4aFJGuERFQcqjGsi/KxMpiVj+k8PG/9ROMBuivw2kBbK46zmEZyf6/aO1WZJVntC2jzieacZSFJGAUMxcci4PPi7wLNtbJ/qNYU/DTclrL2cNB+ykatEvUEK+YoLhtg0dJyfnrgeQEUHGPgB28F0SgM8+dq9jnDk9CL1f5tdiFT32FuMlydzLsTUVpukI7UbizwWWOD9l3U8308ppUH1aKlh4aU8CqPhFncuVUCGNcOEawSu6pJ9zwqEKRn2/IjLxCzv7imKeyJZhONHYVE+RzkQSfWwCg1tCd9Tc6EMwdnUlTmwOHrewYpWoRHTlOj6dHPB7LtP/M42VPGQMN4HZkZvjxd1x98YNkXicWvXPJteqK+po1wDy+EA3GeR2P/Eugcj+zBMdKDodYGAbeAL8aoHWxseqEz8yps7YEJy+VLYZscGoha7wNhDUUPADn7TXnI0Mj7n6yu0bcAxSCLSzf/UUOonA0twTatRN1RhdEA4/UT52UkZiWUqPHopKPMLRN1xiIE96bgwjC3hPazaWYalaDVz73YuGiPmVYkXesyTCC9rlfdPjEtdGK8z8IpFWPDbNlr0srQOeo8AQkSU4t71MAcGPKBJ/ligukQSkNv59DHRrVz2C19x/bRHp4X2URXC67LAoxYO1YXfbUVOW1qSwo9cgVKhFARqPjROLlQl0ZJcLgsBFJKPiCwLiabLfJMED6LkbOjMqAEhpvbIPy/t9sBgCNLPCRUSg0mpiNxJIlYTQObue9xtdm7oATSIh8qDHcqCxCpeFOW1/A7rKORl5lz99HFaVfdGEX4E4VZnaN1aptnoVjVr/0PfhYMaJUnxFFUxI6Rfu0Ci1LKBGqwjConFITMC29gjiVvzP33d2kenBC+5TIgzOAiuzCjrb6wEozzbRj9uw8itqGsaGeXSjrz36ZAOZPyPYmUlzHEfRwDbtNHt0NLhXkkXo7VJGGz0JXxf5BdWS/mCxV2/FoyTUPWKhE9xiN6XGQLyYrC5B+MeQ7UC8fU+iM1FN0Zwg9/TqEAHjtw8dPQgj5HGeZD8f22ZtyBn2DlPLwWLGRX4XsXPR/8wweiRmpyEkHEH69EAuqvwEEylAvNZLtJN3Uz87Kzas+/bJ8HkjpSjy+JmvDMADmhmBw50DSW95Pd1wxJ6Vk1ugvBKgffzyhtf/wR/lCQGMqaY0GYXuas+G3rm+jfag1vZHVVT6MFQf4n9xOtU2cL+VX2uOFJ0TiSUImx2LdmreqaGYcPifatyHS/UhIc5f+gS0b0+EBjnjHu3oIAWn8dGtMmTbaGyNuuXZn2Y50ta/wf4wPIdNnhfeK9tLt2/2uz9GaSh52f6+gGrpZyd7gi3ORso9T3aqIMaJ64gKThr6RVkbxLEh4GeyP75JJTk9kPO+iVZW7OXs/iMOTkUpUQN7BNbEFcxZujSacUbYiMcyuvFXGaF2IdsobslWVZOjIK3K+ZtRd6QrTSyo2prvjLTTVwoMjDL6t2LHi2vube1n+269haMUXowSRRxX6+gD4qeWEhIkoedl/YkPoS63Ju66X3RavgP0GFiqIsI3k2cnQXCdj5WwFVdHn+exGTKMrhiz/Y7GS/xgNvS3ccAjcYzFqI2ne6j4/0b61UFLAQXtp4J4FqvqYqXMEEXSt9IzQFmU6S5zFmCtdX4nMAMXosoZ/QNWj/XZc6/9cE2TTl4qwiwOBmpjsBj8yorRHlNYDFFHiBO6BLd6a7kxlSMPQk167fFG9PapDJycvei6nBIGhOByX5dt5u5BWpLzBiXCOtxmVrg4MF4DY6pBR/eu+7DsWtsDQ2MweaZNaPrsrHNdz7JMzlFf2u2BWMLWl7OnyfeOvgMU8BZKigVtFMUbfCSG4su4QWZYFGjeaU02B+RjUAfTRbDMyfkAgL3kHiLHnq5IqMdc1ZoP7bxmcWhtDMIMtbjNIAcEZoRhqDkWlvXPf5MCLQ7TIsM3ZlSrUjWLe84p1J6lL21cgq4IF9PSVA2EA5eRtF97fyQX+DQZ76B3Wy6UA5zVPrNH9rpW3drXPe2qu2EnUD2QlUJhUnXnUoSwiZO/X6mwdbKicyvpbWZF7n03pw/tNR+jBZGLA4+Qh2pu2vtaCVihBfI3P3yvbF4AJu8AF9e8//DU97zAZa2vhtTrv/n+Phy+ljJUvulfH309H46dLhrMjxzv287j+jzv0WQ1ok9OXIwWPEfa9I5NSFza1xQA64nyFl7a8P1XH6RwUSJzd0at24yTCROHc3RgAc5+KyXm92Hy9NXVUJnmKoxhzopJlhJAcNJgd0hgu4Be6k5Cz/9f5/kV+X4wbq/aY52v+H/nDq9y/mDWPWIv5/6Og8/dPaYHBuqcpg//a//HUUByvCEjc5WqyAc4QEzE4nuHBgAyJPgzOg2RzX67eXV2tb19/IvxstYW+Wi65bvjzZ6210kVUPdk2wmEH9qjCRF2Ujc1fKls9TochPp3OrdTZhyAGPpqaGZvWZa5izx/yRIxgc+TpwfVfgmCJ5iUneoZL+AL+MVRhNEi8VJyNhoTSwXy8NXcvpWk2Z9isgOhak1YiNu75UYjIXdITOfyceoUYpFoOsh0CQoB8MDntCt8vve1NjjOtZTf5PtBnsk35aXpOK++CnxXLPQtDznmagjcg5rxi+YGUv3F19EgDPW+0MZE2SAqfnD2WoLxLZpV+UPlcB2dE9g636YEFE+oJ23YgwDuMoDuqcikN2bbrRwaFmDcH8rVTYekek/5LxxFLkYXUXgXFCTXDOHOdF8u5YMDFEERDgCsMbpft6JqSR85D/L3O+jH1bdLgGWfvF5j9SqQASEPbkyDrnjxI9itSzq1rr7AmBGPgemoWiw+Qr1z22yh0BNSw2nnVqJOrAErPG/zehj2NSM2JD3unQ/oWuZeyMOHE4Wk5y8wONLNCzhs/fan6CqVcs6d7yLcZ7JHnVOs1TSwy8tuHzzyTFB9BEsoXTYFcCpFk6dUPygrs5NMUUa4t0H56MnLQc8egfyOsmPefVvjZPOvDfcQsoVC4zQkpyC8e/NeGURGWAXDuVhFc+Wnm3iWvbdf7tiE7plUhOydbIz5nuINV/Uv1DmsJu1WpCnSA2uRYIki3xt85V+FZQXSYRAjj49ps1NHP+IZrbif+PkjKsOkBO2h+PdKQyo4hBk/3Xb/zFWDJPgDQD9Tt4WXLAtG7LDQliXwXzcqNR35vGdw3QWohzRJk+E2dhkdMqzTv3QBCzcUeudoL4IvVwlkTvss8AHr3J/kZxtDI2VE69MwZHuQc7ei3ZPgvsyy4uHj3r9ew+so2RteR1AlYjFWhHGMCtwHA5Ktip4I+COLrTJHiGGg8IYeE+Z2ewaZqPKYJp3+gLpRDvSDwPjX1pP6hf1HdWQN7wyz/gwBZ5dipbkyMkxnnsTiERlIQxzPnrynFar7F4pNADLjdYRIe7/ak0BwDIwCUlLJVEcT5Mx0NlqayBfMFtvDm7N0tNlOchIsSQwJtwpDBYLwNgEngBREDeK0oJooooou1/g/h8kDymwzI3v+igxZP40cQFf+9/FxcvRae0NYPWIDxzBnkhs11qcPPWHa5ilF4yeQNwYD2XBQld6Xrpt0bgL3m3z9RNE2WE1jx2m0h+nbNdLWq/nypWuOQDjW3KVQuVEsdb1wtxMMhI2qG5tjoepKc99Tl8MB7x/2aGiPHApr401TRtKvXcGufnm7sJdjA+PU3IMcjy/XDDnA+D8GR2PzrGkGp3Nh/TL7Cs4eH5wGGV2aaMr3PARs4eCBfZDw6LsJvyJ6QEYzDENQ9aYpZ6gAONSlLLNvP2jUKbBDSwX65axJ4at0DQ4aDidAzyB9Nr4ahSWnAoXtYpMXIv6kg9rKnyafNBVc61hIQJKnpjaB0FN3r7BFkaNbfDVGOW6IXXdO4X7LjqVPYrQoF5uLEEQAnqOF1375w7Pm5qnZHzhWFWwI+WG4ytwBz/V7zLT7RxWkCvNbsgvqVSAAoFpWA1QHQAGTZ6uc0UVf/P6VQdIdOdBoC30wfaq/q6pvjQJ3Qu12Lf9uW+oE5mr64OUnFCUp0nx8xENmQB8aR8xqStuV5Ay8OJOx93aMVMkgRagbVOgrbfkRvbXtNIfwlqilksXhMvjs9v+dD5UzOgImWS8tyMLk5Bk77QtSh3XWT4tQBcqSvPgRzUGuDDFW442ycYe6D0XMPtcsyVXhlZxl46tq0sSKZaZ4FxvlZpRjD3JvD3zma72HcbRquwK4VM/zhRpTTurSUlVxgKLAAqM2eTityO+OIRerFvH735VDDWWBEIIr3cjuE5x5SZ6CkV2kPKwXJtct+TUdvUonUYSSBq9hU7zs21VzVOe7BF5xn1HmmdgcKO3jazWwRnxphslFWFudUHsh/F1oqYbgPdBFrh1Zs52n2qQIBqWX6qP06dCHNzaWwK0a/dZdhQ62vwFtE+M467F17DpZRRpfY6KLm1euZQh8VUh//7u8cM5+Jo6XhxppgimpbzwA6mIzWq1TqvTvRjY0SXVwrHqUlPTdFPieXIQKnSb4sHtJaZ8FNE+tmkRu9azRrN7rLAjl9C/W82vlQ4Y05XYvWbO2+zSKRQ4ItgIGvMmtOxjVohTbT1tYU/9RsI+B4xPjkLFWepS6Mo3ztH77bHD5Fz2LMy/kAq/+cKVjpR0F0ryxI++TZI03f8ltvrVmClFKqh9Ao0WqGP6csjzXiSFqnusWExgsGzdM6azUW2piMve82S4Bn4GmmU4BH7r/HbhQN4zgU+Afg0NYF0sx3i7kYcMloqZltxj18ZZItYG5ZJ1xudKKluxfCi4X+HSToAJc4uZspiOOxWLCngJqgOXKKqV5w2uvLb3t86W6IBrNFX4kseEOFT42adlNhqlXW90tK4R/1Tt4+0hzW5snLLxA8Ysfi1y1751JPzA6FpFdin+sBDWMoKjuwpUsIlck4Uhf7Gd5Pdd72rfBS8aOsXpfsnjmofs5tPHcSB0wE6p+yVBbUVuIQyAwShJIjyoagMCvckHIGHgNZSODlF7VQSvdmS+ntrnJrUltPEEdmqpNC1IpdOl6pZzwJI79ejA+9W3Opi99TR9XGUBwnRYPdVXtUGCwChFMEfFt7SE7SerFurq13VKRmiN2xpbOxVEsFo/xH817hEyF3RNjkoyXhXfYVoJ+XyPWMGy7KEujGWjgE1P18LbV82nQAYtlIpunCMhA5zVqfCevLDYn1RVbGD2U6/omH66MEBjY7oUlqoPwAIs7OiYZ5NSX1qSXQWSrNuliFQ+necvqDl5FyeePKQTm/fyVw9imYpntpEHtaszx+l7JBsNe+n9G5zepVTBBvnLpFYc/b3RoFb9athMaO2dvRkovOkRjuqQQgf+VQAZIvfrlHsQVgQyE+7e12HH1ouFL7yMxsYACgONIJuTM+iLCArbAyhAnMkiW7c/CDxP8Z7dAbbFBnAC0TxqmUwfByPmYXIon+bftg7Bg0Z2nDRTd6ojQdtPSF9y2zqJvjGwEMV/q93woPW3OJcXReb4EsmtLdIf2XgChA3bYrJoWUj5knM1LhscYV6KNk8SNL/8Hsj+R7hv4wG4SJN7rPPeeoAJVBmkAMb2hZ3va7odgofvkldtBGNiP38WxFFVu1X0cZidWXLguUALcKlckddyHQFmwjdO0JCHQ1v6S60PMk2a8rLmLWT5ivjBttqUENTv7w5QmxeUxG9ssOAf+Z8Dki+9zRuKhX2xmNaZiJ5UEd3yhVeENVqFAEYVaCEPbir8B4jUFlDM6Y4yaQ8vfmFL/7dkl+waqFNrNgtlE9TDckcrz5EcBkkD29WcdTUCJe6tPBkEP8qlTlmbTCLa8i3Brfz87D2ZD2x9LQQz4DNuqsE4cSNbPwqk0MtFDaqDsCIOqeQ7D6BIH5xge0A3SY8PpujNzzbFMda2mXbHUOOsln7vd1gwUzL1AlknPVOQwy91VelUiEBzF2n4H8LxOYiRi4mXf0ObVRhwTFetM8fU6iC0byc44neEpGoWQxH5x2W0SBH/xLXFyTlHLa70XZLUm/9kx2knSHChqbDgxFzI7PFh3QpEbxrA3bseY5qBBv1vNKAc1UhdMTIXxm4l7rj+OqKV8wJeZUTM864qo758umT+o3uGC8v35ITs+yPgfznw263bprqKOlRgeNQQ4gZ4sXW/Hc0kBn1lxxcJtFfqJVo+hJwxpOfPrVRVcET4dzI/3VLDfk7K4rURHMnZOtZ++/RDBTgHtWoY1bGEwp6MQmro6xKwwff8QH4R3G/txLvJ9N136DR2f2ilryIZn4hPjTOk5KnjNIG9hWaacaD2nyXWBtwOXlmOldopuPpOC/x+ucUC9b2+EIe1Lp+wg8FCiJH1QuT4jnM8Mc4goJeXaV1qn6Fgh/ucj+0qXtDNcQ9qSV33bn8kApGloS36saM9877q2nXalkWJopp45vXi9n73zBnZr2q83C93kbwpjHqVaYVF1RK6z+Wp0L5kVpLlf97b0J3au9etfSmlaYdW4v9guQFOg3/1JbatjoBG1f2HVWYa4XMlzmJd64GeLZMiGC5KWTYF7zuDzbQOOV+tFvjNiFZEceyJ5q5S3wDDbYJF6sVdPrAYPuzSBlAHJEM+eK5zIW1UxMQgSXPv44jQWf7o2bKl59+LluOngwtHlZwxD5B0sgVjFN5JEKcoKX/Li81qOELZo7FyrqEw81Q5BX/jPSq19298KF0O9CAYAA6rItCfuHT1d8z0mZaa0D3BAuoCF/xerPv2HR9AzagVdrClnic1bbTnYjyecP2K/eVjlkE29ujL3l2FqpQHpbY/zDMvRhT7pBAGhwdqSPlzpYktvpiVInTfD5UwcCv+6T6zhLJ+6B2iqrim8FMgFPB7YFsbd2NcYVs/KQh+jBRCXsBjyR1ZPKb39pai6qZ8Q4kVZF9fjw410sDPQo3VJg8TYFAPm2WRnVab5sP+VD43WNtKaurVHm1iAKSQFenheVE06Kyv03y6cEAxpO6+fQZafgpl7lQL7Nv2a8vquIhS9HaTYaqGwJ3RQ4qQ8Pi+eauoUYVy/96ZXyQxttVdZ0aqE2eyC7D+fwEVuc75DkzB/Mf0T/4mR604JCYJ6oxEjwO0D8dFJ9ObKthkfW4uTdu081XdyRa2MbJPtSIbtZgM6Zc9N0UmTZzqKR1/ysX7zbFOJ07A+7n709grlxOMjnRp3zpf+FSeXsZUbBnCy/eU1RI7eQ/lxN/901oFXNQCNwknj+Vmb65eqQ6HwBXcUmhcznoMEd2pMdonQA8wzck2g4ZvWfeYd0Pog9+x5899XLnsDTMYZhJPGC78/KT/qjYOqDE0d5xsIlrsqFaYbuI3cdu9CH7mJlqmtorNRal1aUF4u4WiuSuswqsvxlMXiSZ5Q5Uqx6LesdjRQIgF4QbCVeSr/KOjHln7tdSLWZ1FjvYgN3m2i0QSXID0XPM+VOigB5jEwx6wu4WjyzybsmlJ7JsT/+BHbyMXeObA3HnLcymaNTqq7S8d2bXQacM1ZVwQmD50slgAnCB6A+DMryMBhb6bw6S2leQvgP1NbYi9s3po0pj0jW6exfnuzkLzAlsHxAhwRe3StwwTQ/TCMLginSRiNANAAwWHDFishouOB8d7UYN98bzK78qA5Xu06S0FwKuDATEz0/rp/5YfJnbENucoTomKE7AY0Ou3nyNcwV3GDeoyt8UJH3wnRFAhipbEPg38q7uZRU9IheQBd2F7QWoccTY/qLmEGH+TpxA4IQgj0E+bvReI8rDWQunsQGSQPBYoLtmddn5gNMFN4az+d7aMpOJg/MQd8EYRLLlSUBvnR/oFzmQd4Ql3zedvUOH1pp390N2twiZzYmcjYtLe9hRbwZ8IJ1KrhqqJMvfnERybkZ3LErUAvLN92wFhL7SqS+5klk8tRtouTwb1WojrYnoUN6d7wENQFClFRcF+/EHgLanQf+eFqB4jl2TVHdz2oAsS7NBDIUvUFLs0YQO/OaAEzV60tfkMCfxOnua7hhO1W09qvJCJewDQTNg0n806JvO+EN4naB62K72/JwQ7c9YEccg0UlVHiQy4LTEi4oABCS5SJuEW3I+IBGTxJ9GB1YqSGmgDkB0gnMBwAvzYT79P3Tg9ZsoKGDtrNc3E06UttH7xX3XoXgLf6dS5k4E1sihIwFVKYCCQI0+Ebg/WPVNCNdEp0jVIVsLnU2M1hA8ryn7IQhQBw6E2v4U/tIFFLXvbAbqld+4EY1sy701Qk9Dmzs6ZYO9lIPcPF5LXnT+gFmt2S0wS1dVdvTUaFD7iBR/Q3MgkR+wgMJpT7iWrRGkOZ3yOBadIRgyGFllsNUtqoIImvZTgpBUlt15Oa4pe0W+IACbJrvJ/5U9GA60BOAt+EDR02XenA7YMJM1RZijiVaBwDJD4creltGVwa0jQVyWqpX7IN0gHXmL9XBP0q9IQak8LvwR6xvhFNQ8axFvWp+tdOg+gj1K+e39u3du3O7/s39JPGbEt+2WkNlGKE+clivRVLw6t125VtRRkqsnnuJ4weDlzHjIiOApS0i4Hhsb/keUO2tNmt/8tqpt07uYSHng8o16YQOnV93tu9ZLM0Sfz7SFV/8KkL/BSF15H6sWvPL7qER2gTb9C4A6g/V8cn3GvaVBCObVO3QCBUxcL/byHGzf7aXEv7Js4qWImYOz/yBB3RQHJY0gzkYps+1tdPDCioxE10IjYC2uahZMFvyIv+XXZ0uZvC2JkQ3WgsbgT9L9psebVJKb7Rr3VF6Hmxje5mL/Q20865Z9+PY+cwvP1KcuJ9I9Zai5zAuH9iFdp2GTSOSKn0mj9yxPlTICm6ufFAzMBzzz6xHm4ded2TA2636Ccaoow/Un4cJXjHRLIULOm0BErc2PG/+kbO52n7FABgw8aDox2OnBbHinmuMo+elLjjPO/v4ESU/F+elcIGmCZ94Wuh4h5801qAf53YGTXDn9ZIEFuwp7o3Hv//w55i1bvsJlMNnSa6tKdh98mL/7/tVOVXajxWWEAoi97MSJjryapSs+QcbO0L+EtcXwhwmuFv8ymVPxd+4YzHo+B1v/ihZgIxp8GOy+FcL+HIu1h5JiTY3FAj6j0Z06Lmju9HCv9nXgK8MbeFXyM5KWE+opvOgfIeaQkHRg4HalXVNUnQ7AMe9A8AC8oxxBqIAC6UGtCc6lGGuRvOCuK+DcSknNmn2NR5E7TVS8LcZkeVFeAJPQvdQkaGab1OnqsDLuY+K0cR/AYYi9TskUK4GvHYHNoH85XuKOhvTJ10WK5qMKXHrm5y2425TCF9ftMvJvn07sH4Z03uUNgz5BqlXr3o0S2/HIYaQhsxcq7v9LX5zrDWo5L6bn4/wexgZCdNx0dT4J8sTY17GwhBsszJjFlcFSswfMWj2kcMOv08xloTQuyjB0TTE9JiEFndiCfrGPuJs0lktf6dZbyej82yLr1llCM7G7DqGkB1hGVXjKqUSTR4ro2gReGL9GhgeEaI0AFIuFQevGgFldjdclxGdi13uwb3dWfyeukNvgTm749tVixKTBRyX1oqb5sf1rX/jHEOxX23I+g+HiXK/i4OQ19I4/SU71NyWizn1fpOBVYkTWjOgyGPmv/Hsp287iCdufPSv0+YY/N/I+ECL88lzkuiR+4lKUDBPRDGVn0nxoh59gijDh9ss1dh6CuUPZSfZyjU/d5+/913bxa5CpgeXoz6lb3jioKMjtwhV0TE/dmB6e6yztlT7hZKFZONL/9iwEmFVeT9AtF+4++Dm8GuNeNogx3oxTH8mQgX2Ek87xniihn0bNtFo4y6XQSa6A11qDwVS5eM+gw94P+pKrD3rABTRtcnZwWCQkYhRJJNaQFAJLQDdXxMu5SYzMWd+30/AADjHFCK60IPrENmd2Xi9+Sy9s029BhRxHHHBDilRK8k0DdhXUKEXBYaBKoZ+r6ahkFx4iTKdQXVK6Wgodc1B50174ANAEBFl5ExJy5Cao+doQNIR8aEDV0hbWmUB8CwYa8ATx9G1OCcAzseozQBJkOvTgoswqjBsDiIg0dYXV/6zbOSHIAC0ehh7uttV4EJ/ZjS86f4i9uzIyr3rLhaYfQ0X9gS3x7jemTf9/LtsyxtKqtW0FJjC9c4yA0i4Qx8ov4UAkCKX5sU5Y3zUGSa5uA1Rc+JFBf/etqEsLKoHfYe4/LKZmSnIBHDhxhQUqOKcJxXkWKUZ0qE2XGSeX0hfRXSmOfzcHJpzP2JSnwKImkH5ttHHzsQHn7d6aTUuwTceYYMP3iP47r2UXBsY+JM3c3i6vAhEMUneJnwoVyI7aY0qhFnsPJF0AqUr6/tUaSIPScF0QLUk6s5R3BV1unUtaLkxVltLyC4QruFqotJJ0FHNWWx5fVcE4KLsNPgu6LXDYlUhvHaZE6wyNpRXPrL3geoqXO45967LVNXK8YgPNPdR/MmBhVW80LDMlOZoLFJ+nI2XIia5omCoTYgYGKt5DPeC5Rq+/8lq/kdvri6jX2O6pO/YyJsrcnVu6ewit4guDecP345hBLPao2yonvvFAtKWDClQM2ZKHf83aTEOWxckk/hdlgSSnRZavXrYF0VQc7KG6JQdpFyG5CRo8B1cjcsOe1LIrOm2yWOs/eK5iXJRx5ohw+5tkA6qbruizbHAI9jCopxoU3eWcpUf14gFGD55bGx/H1a/YutaiEof0FbFTX+dB8WZyf8Y/FkvA7JTNO8CFpdIG9AwqMbnkPmL9IxEX+gKkgKJc7jnnhNFpUp1JLH+kskb84DeN3FDzzVXb5z0cnMu2xBzrGrD1g/GD2Ev6ANUnvyPNjUGpvxILHqFJTzYtLexAK7fcLSvGS21IZrEMJ86v4uFXG558+83CupbmkJs/GpqgOsaUJZ5enyJkXztTOqlLt+hyO/fwxPFMg6XBRgNlb2XW1h2h4OyAjY29hlrVzX8iemNSR0Cy8GhObwAuD+0E/rbSuMDlzJbYxCzy92NjLD43E01Yg1AyBgNlbrP97045Qf6Pd8jD+gObwg6iDcBFpW/GVgTFN5Sclt8WVMOgBdmrj892WP5VHsNu9uS/ynn2J60fVw5CIqn0OjH3HM7Uvobqm5n0udWusynrPI3IsnoKnhoHUlD78Q22oQTxdJDgfFOQK7ggeHw01p2/tg4DeJvW5LFa65vqEdtxI8uL4AVjv9hSLXWiGKkGlueYKsYzX1PaIu+ZfTiIfzA8S24cooq9skXTh9fBue/49/6PrcOb3oA249XjWwOfLGP5FmvmZzBVaF6GAxvuab5mVR+TNLMo60CTuaP6fSHso6p2FmE88J/0GeZ3NC1vkFvsqPAlBZXgsEOuXMKuxpyHo+rvkJMxh2M/zsuDSGTMYqHndo5g5Yza5I7+yMXdlxRlVjGECj+bHEuMrlMP/o4ol1Oo4CQK+gZPHhz8Gw/sIHpYoFhaFxl/61cnDwzPQWdBYl56nXqFbzUfwagNpzyhOMDExkqSPW0oBEI1knua5OPkMJZH2pCtneAcNAIbtC3s2cmXFyG/I5mVZ6AUc3I5RjopDQUIeITawcKTYxSPXJ+OuPn7404OkKXXbH4DgXia57OX4K9L/LlEyKG2bnoptRlT+kzQz6Fp/kneo/4rr9u+tykUsmhy+m+1t+blXYhpCrJ1AeQy75nRMp5gzgsY0zE5rLf1rsa0bAf8lMg/MNqBLBKjHsLS+DaylCksmhn7U6fmD3NdWEBSAslCRqla7QspoBOAwK8UgeRqg5QEj5HFqGQaaJllwbC1uDJM8lh1hZbTpwaKlXTOR0xnZW1xIfJZ376lrlOKvsENgUPoY/DsusdB2+sJOH8IioeVPl9nKwPahBHwZXYhUcxUmAZkASeBACVsvxztsEg7SGszyyG37eo/E3dyrwqcQU9XNJKxSYaknAp3oO9yhuTyxICW4VuVsAWOUWgUs2WH6WEEqLApRqfW87xOpF47Az6XKad6AvbMUgBOSWIcTEclbz1Re6lbcSsBlsno1otnIUaGptMc2HxMovFg6c3Ww80ix/zCgCoqIoUjsUwKdczj1wSGOUGz5UBFb3n8BHewm4HvYjSzjO/igQ5HoZ7lf0aYZVnDcCdpVfrL1JZZWi0I/+UpBLfhCuTjQk7VwUsiprbHPvsSpqFjf1NMKT/46wMheDPizBd+xD/YlO3pATJg2jZWqQyG1viDnmtqt7HPq2khQ+k1Z3Z/PyFdE1HJmmxgSTcroui3uKX0HR0cSYm3TDNp3N4eWhOc+8NnLA9yy+JseIQ9abHUSL1QXS1zM5cg+6nMG1otnsgqpiUSdtr+EYaPUQtmaakI9TqbG8kt5fi00RKqokaS5EKXk8+XHJBf8JdHLiGLSoz50uqiP9m+zilUFUxx7CBYLb1aB2LuQINJxrEUraO76uCn+wYJsvW9phUbXwdmG0F887AV0XDfuIFy/dSYdpUCMs5dl0zyk/QJjl6YaN91DgMjbuH87+QT+H3kobCynet4xu3DTc7wMOPO8xn0jp0oLWSdePydtNEhGeTQo0hf2t0GLt6h4gJqhVviW2v9QtUt8ugbknYJvO4XF9Ito5oItwNBUAONSYg3Oz2ht9eNx8PNkB/6R2C67P630a8mImk0mo6Ox0id6c8wWWNdoyDvqWXSLSUby8hYZbf1zQPbIUsKVZLKBqT8CZaNDLFOfMKsfTR881OliB1izuaRXNpTfU8COMauxYML5L1sXzlpjr4hsp77v5CfI67K4cicIeuvn6sX2D5JncQ/l6omk5eed7IZR0dr+mrzQvs2AOTVLUFizukm38et2omH2WZAAg1lYYrG/md8KoPWrtLL+MrPQO/HzPpfZAsL3l2E/zwUUH+QNcwpceBMfYZ9g3bp/GT7wZE7I//Iwf9DCLrckDFeELzuMVpizLYo4QR1E4XwMrImrGpPdnW/BcygEmUPYVDw50uw9Er3Btl1UNIPGjiXPopHKYUsSt7BiVGvJ5n0g1dBceXha6KjEpSACCC/kLgjebHnAAGKGGPoEDF9D5EXSEzX5dia3Zlv5oHx3HMFpjUU0HQ0q5Kab10WgYaKCmoB3dH2y010360IExCmXyb8Q2FUFdF4F0Kh/xW0QFxcW79p7rSvnTu889XaM9OGorgEpWy58KD419Uchw/nZ6yvUTaGsvyrbee+c7Uut7GUUCAWBE0INMp6xwAC8ydPMRHMguiOQafElNFnV07VqtXVN0sNM7GdxFCzYt8yn7DoJ2DJdjS8M5CrCmGNSOczwQsosDxVx6GhFS4zeCa2+44Qa13vmy7QwmUjtJWbG/aONgJwC91QSSG7/Cofry91vYgOGDJYDLGp1YQtUshbqMoDlCVIgXnntkhshWGXy7ZEPwhOPIvOTMY7bdpz/41xF+t6QD+nOUAKLm1GUlwxFPZQEPKtygc3Y0/iOXwna/RfWjqgMdZ7LqVQJNWBqNwpb9Uzeby2+r9dhtK7hWLU7wl4auXtrQjUAUhCWRJS2uBGAy6FcF8EMy/F7gID4ixU5vAxOieQHfyZ2+S7f/vHLkFETKPheSoB0mv8/JXlP25KamDklntwwD1zobjjpD6sIfyTRwWePvLcKbDToP6nVRaieCr8pnLXzMCe9Q5N9CrcyfrwBHoDGCvVozSZRuFOihrtFR3O86LwH4dlGOv7KJRT+TG68HkKUJGWHE3iSZ3Y3HsOsY3scP7mHJp1FNLcVvJDoyCyCfw2Kd/jElzglGNjQxyPGGlDHnXlLDhUuFRaCZGiDvmgY/13QO0oLBzq7SrQhgsHxjxARiPwFJA0nhHiASyT722y9qF+ByNJQGcGkgH+HGEme2ZzJBe1Dtuu+jnBE4PJChbbwKuNIGoTKH8Yeo9p/NZQyQnnaazxSo9+m+t0CToTN3jw/3hQ//yKDayKQyEIP/EWrHdmVpzOXc0DmC6B1kMylez/Uid9Dk1pbXlx+4sy37H3RzHA9kTwzCMgs8/We/YeREP/OjZ2a/TwP26RsZ12wSuZvptWbWu+t6OboXHCUFMCh1G7lTiPBEWQgnIiWjO48FyMK3l9joTxwMFsNgWLaESV2jq8ZYFA8MUG4tRbQ7X7QfnKzGVwXdHN5V6zRX8Bd6lEL17cBRa0mMgsz/+MiXo2/P74582Y37B5npuEN/T+DeShBbytI7cvOKlhfwyhU6r5r5dfSZVoIgbX5+mdHXnSHs0s85bY4CQPchYa7+fQITcLNCjEyQVoFm6w0165v5LHV8+Bs6Q6dI/mQOGtBBvut7qaKFoFLyX+cWrl1BBeSHWRA18Y7J9BZrKlS8t8swSp8WdDH+xINPQYbNlq/zCBpPfKsfk3mmTGZAdTvlJ2lpqITSfWo3eOMXPLyZcILYQwXrLkbJ1h8bsq9opFmzRAmG49akQgoA7glNI5MpCUw2LVd3tfSG7f1nO6X+439lXKpHJ58kRZ/Z00x0QF0lqbHvDZ3Hkot/EA9qBIc9AjL2ZFkbcNoIApVvOlehM26Y79jmI9SJdOFGVmfHdI+7pkSugHMiU9gDdwMcTByMy7+espdvDx3ntObD2EhHRvIYJShSBgKUKLRE6XpLaNt2f1wQuD7TXeArz+uIOQSz2GBX8RTo4cKQJcD0wyT+odCrbnHOT/D6VyUU76yf8TGV2EiVYb5u1w/rdftxmrAgXyKo5pnf13ek5+kw8ksAFHeUDVVHUeV4yS5BF9nbq4EUFxoHWsizMkdGPczNAk8hVaQfMKOPtdP98nobr6gJwMOTFbuoV95nsC9ei0saWXbZKRhDYFE/AbX6RKKdAQ56VC5TFk1+cqt7xAoyS3raxCe1P0wbYKym0oZSNvAsw4kQur0XyiTtCIKd+9alWTdt04GGmttfQZUq9HEwpd2Rj+oOn27SDZ7FxKft4u3CMuYA+gLwAPfnuqnwI4L3DdmuVwLyKbM8KaLkGct5i/VYTPXPW04P+4bDBTihEP+bgitjfpeIzR1jfhQ4Ta1EcpIV9esh4RMMS9GxhwJZOcpOXSBvOSZK1ZbfmT3wItmgTTfLSPomlf2eGnE6jQzc8j5E4P+1WSwoxq+x4D84AQ/Rb0B6JeVv1f6wXFw23VE46lxdVsrYQMeGiFtCTvRIiLyORhWOROYK/x4d8wdUp+Fa+d7nuRp40Y8qz/ss6s7rTkyT1lLbVUqDAFy6eIrNDy2aLTVJ/UJ61oMy1lIh3W8yt+73QJAGWCqsy6xhBRJS/8IMk62Nfs+R2XzksvXxP33LeY13NNENM2ZfcTSpFzoApbkmMl6qzZ3/MNLic1LW4NfSu+avYyiKBngEBk3U4BPn85afiM2q3DfWpM/ji3CZpptzbkIQDHCXLaR+sVYKqOxCvDku2+pK7Hc3f/eI/W9eB+MDqcJZITcTrvxSXVAeXAMA52l6IcgYevpbFSN7xNcMkcTFyPz2XZxI+FxP9IJWy6MX+T+wL00hPLBV5SfU5XtWp+8ZvuKJbbCRMiRI3DL7Mqolz00bvZP3DH14CGgNppCLi0TOWshRZ7ybAa/wnIi+zUXFWavhGuxNiskCjtD7lurhj8lhyg9cwjd6k6gvHu9DRIZdxC4NDZ7euWYP8NL6JOKEJnEVQwIFPQSM1qqPnS6uwwRrMSsTSu95mr8fjncq4Ry9PxyCD+iYFLV/yuAlLnrsRMThahDr19q1x0JVih5WFQ6maFBxdhddUqr6qSORjA8ihIQCcLUG2t0+jxbZU2yYPhOIoGgz3CfGBSESK8pbrTQw3kahFCAT/mEguGVfFxmxyHttsGGit5sqR7VgAdAFoposo8x1PYeO4Rtbm1O2VD6s96af64K1H2k20yDUa/UFuh8/IVRQWAGVIi3hH2egU+w9ESkaRCqA1SGt2d45NZgh6/VGw6fQ0uJmVckYKPJ/gyEdKSCAc3Tj0myOWuDP3RJHGK5zdPPrkmdPYECFhQRMQiQ1s7tFliXNockWtGnZDaoMS4xmbIHUdSSmMNtM8XWZHmsScs00WEup6dROH4dPbSKm/cAYFKNcc5G0qt4rRZL6W/RMPatG1vPRH3kZFyv40dc9sWfwcHbGqbhOkp6rcOI2x1thsovnu1wYZ+mbqCWejLCOAAwp/6kyZyVLQDr208f3+ft/H74UpUfC63xS3CLpNl48IkhhMRZ94EMSJWc1LagZ32hyub4N4D32e8NUDe98JdUQqJebr8Zsq+eLtbFqh5BSDtFFw7Ad0kYruPgO52Vnmsz/Zaarw//LX0If/CA700ppIQL51nlWjNFX5Ypsxdqom0cGpihCMBYjcFLw5c5/AQTWP4dwx8EElmUNWuV+b2sKpPHd05XSTVcrwY1mJGwhAr2lLu3g50uD4hzF8bpWlMFhYBC3x/bpi0WE2TjBwLcrt+HzofJfTO8x1QXnXuvxeCFiiz4lmSNz+id0cDK1fCIv6q+nLO3sVYumgLgoTvK4UEpE5qSemdh8FAs5IFNTiULvAa8C8w1Oiy7cQ4e7awOVcEzTJEdT+tGtlEbHnxq7Lv2UxuOdMiAe/EJvHDGKQqeB+Bhr2lYfoP2BkqY1QsuLyA0isTdMrdbtP1bU20F7jhYaMdVI9N5A0R4nslfFUkE/H9xWD52Qy4FaM8tdXRSbp6dr0ULgd6vQJeeE3yFKvDKlpTEIyIY29RCfJeFsytbgWdR8WSa4MNivz3lecJafkfnGhbezjwB8OrgN/8UNtt2jBywlBFh8/RSYO7g32GDmFVcltDNKi9vn/hyUL9XR1dkrWBrRu6qR3kHH8Hv2Y7dVLJbcXNUTON6wheSOHfdrOSsE/gowc5JXF9RRg7Nq8vvLF/HY7ITycEFgve9JrEImi5NMrbsAQbncsCClPwflb5uNpS4JxmRq5FjRiaQAJl1TDjVpzhzqWnqaWekGjpmtDCKnZZIiYMHa/lJUG5SsB/BYwTAT1R6Jv4kX22OraqHrSYl8Z/g/MXAXAtrFenKRRVSTOn9w1JNhbANceoTe4LdWyPOjfn5KXD3QSSgjzdNj8vDMHVMmGbtik3RDq9XD1i8/UeJ3pFXop9fCVxvOnjeucSwuF0kXzc6M3BT9yTtFEnUzB/DUKTO71lJaqT/65r7uuHWuoP98UjE2g0tn11AGolxuu/L0+eKxLXa2A4elXlJ3EUeM4JZSYxhXxnYAMxiMpz4Nlp+uS0o8cgP4//NW4S8AebM4OweH+vnub4kzr/S1ITIO/iIPvPZ04TasHi0isl9xgBTAVc2KtFt/Uvcqffr0pAYZgUAa9a08BXKIe4z1MnIyz3EaKAcGKZ0anj70OkNBHak4bhWawwcKVUw0gwM4g1vR1MGUoz8J3wmjNeZffzezRy1xYVI6Wb/hnAfYImCB7w/dfP36HGLnK7hevQT0LuQpdoRl/Afja53T2nFKX+Uo61Zlx9jWy1KyMyFz62olpoGWwO6yC92Eae0LibvaEaNaTJE1JLshz+DKpaV5sEfBv5SRvTs8h4ts8V80VmLwlCAfUPiVJFBQ9AsuOwpJmBSW4iFwS+Ki5UKKku7Js+XV691uu9PR1v6ssQRkxz4LA7+8pyT3ja2gjCABoDY0h4ZvhE39BZBLG7W6jVbVjEKFMp0pjzNaBauhw5Sa7IEQ0QQ+vyB5w/2/mwBxDHvRkAUUVyzd64hUmr9H7LdkUE/ql3nQ9Dwh0isGxHzJ1dnUypfr59vKhonLUQsw3L84Ye360JMZsojmt3gS1b3E+9L9f1JC63w4AJTuKHHCTkUFg8c9xK4EHUEdhpoBtDkCJ7pZApx+o4yvFU7/SFIFQrqjo+p/WbCKF4bXa2hQOEPKdzfAH6I9/Xh3Xd1jGJJ3AKhzHALse6aqzTqKMDpmRAD1qWoNceIxrshbvpVa6AG3DgLh9mMPcizpwtRf/02jR2JyK/q0w+Uf9+Am9Sntf3rTrql5MJPGn2lReDSPisx30LxrOeCBwLrJMLEES8lF3Bn0Slw1xmKbeOdtEbFQ5neFjmLozY4Twu/wTBkrXeofZAz+MuGIRLzCvkKYcVP8Tn66LgLwiKS1+EhSqxqGsaYDFkrRN3zIQ4I3AjXInuZBiQ359s7vcdCwz8ONvPlxiBJFNi6ypXTj8Atpvj4fS06j90fm46XmKHwnRnt55Jf1n5lyB6cixH0oQzUeVV5f08AN9oJefCHZ6QRJCUrKSgIKcOgwsIUAF0UMOyuWPODDKh6xVVQ00g1rYXLwgfaWSIf+DGXZSB8cWvU0WvQU3TfxrLQQe6r6bLO/nFj8ELzTZxtnfa4pEhsgNPBxULvu6qiRvVZEYPS8dzN78Wolg5zsOcWrxBlgweaUTNZO/BljgSUwXnqZ1e/RLgnQvStCqIE90q6gFg7NMcxvbC2MaVeyLHCSpqZcd79Xz04NGX1IWwRmnnSF5zKqylWq9Z/MDEiD7SE31gXihN9NRG8g6FA9fWoUU4FussnLrH1U9PEe2jnEjQrm7L6o3EYwdEfsA89XLa961fyEFSBvQgP7AaqZPw2AOOIqq/XvTNohyo0Z5MxQnFkhtxxsVVAttt1HLCGKYWlWhOAoA+JiegxcpHSZasdg07s1smvspy/7YU5KO13m5V+MwX8GZmfAjcfbXpEdKFLw0iLR9UvPsuIGhpgt0nODekQieO6ZG0DsYs1SR6Yv2uGTXz5JY97Uzk+lDeaBUGpe+jyQlHjLM5Dup8NAk1g74UZQ8g47656KglcbYJTMlK0dQp500Hb0tW+xcqe0R6XvI3nAhvJuxUnziOXi/P3cWBg/BYB07M8WCTFQ3DmaCQvhRWyWwzUO2styQ6hvVaBVrQn5DfrUwM88yVWFZw0ix8H0kS/tqjeADqglmdcRupvT3MIQFcLvG2V9ocwpfGhernNYtsUNbZ8zJ0e1YxpE6Iricc+6iCoaoWWI179aBawcx5KbF1YEmwsXpAJIS+q+GmbaEp0Lpv0GwZi/kRWym/5McxNEPG1mISHH6JMXVNJ9APP6VJH3Bs1YZ2vTLT20y0d8TzfeJdOgEs4dv+EAPJoPnYm7gPGAAuCNh21eR+1UZ0RYlFI6LS3lFynbOdkR5xH4G0gXhSuPE3AFaQbl/LMO4nk5R2FlfZ8DijLKVQ04TwWkTJ12xCQaVVeT8RTxxe09AojwrbZphuCgndgPZPr3tfmK/aUr2YpgVTZXEmMqrD7J/JZcpXyQnQYnJfoXCazXE1hMYKDyToBz2m4Of/udc74R46x7+0W065j29VGJ1ahCLWTBkRm7fQ1Vaw4gn1YzVLDnl8rmj11RsUzwCqqabA9xA/NkHmcU8vUVb4yWJPeYUhGaONIul38LV4gyvd8nw4XWh2fC7xJDUbZRR7eY3Lu5hN6FoT2oZEVxQeHRQiWZ2tQToS7viRBAV+HtBYochlzAQhCMaW8nny6QW68fQm5punIYe6IYk6R24x4MXz/cr6rh64gXlog5Ynhbb4Rb8zsHDr+P64Yi9DXTRmASBkoztvhFq5gbQ5dF55tc5JNG5CFh12ULcT2WHQ8NuamipGOgyINO+Hy7eELP4MVETngleDTheElfkqdYeDPz1obiF7NvNfzEUq/HHDH9guavYeh1fC04QglzV4jJsROPvMfnSnA3v+zPrPisrOPK6ng10Luxrl7H4evNM4QK1axe2j0HalnbmlTeKL3LgRSrq9bXKWH1RuNnavshpviZURrAZ1Q27tOKzIVKfbATFrhApHHp6ZCbX6mH75BpiHf+PS6V5Vtrv80SX78pPHGEYdRtf/GlsERYH5QF3kp/wCgKNxqDoU8le0nznwdjs45Ja6HLnsrfQvgN+cG3tRqN5u5oMfsZCTUX4Q2yTFPyxukUgzsjOBPww5j1VQTn39XH5nVlQuFPWb/rPCN2dH67pvarHOD/4TJs2ydhsJAjstH9hUEFq/uUc12liu8SRgFsVPvlwvEfs5Up2hsDcGVcBObc01eamv+e0hMx36heWRIUc5JW3FPApSpeZ7rIIP8Eti8yS5to3+SyCnzDsj5cnzmvfKJVsRCM5zbF5gmYBAW5fH4vbXbl48mMMMwSeGk9Y/Th1VdzwuMQZju9V+NY+OJRa9dIiRxG3lwsTrE2k5vIOJB9baWDaxx5SzhkTUFv/5o5yxxIvLxYl3Kaj7kJDlHZiz1JGcOWU2L1hB0nw4W6PlXpaFcFP2/MUl9+9YcXMBYbgp8BTTcFPlUpIogqT4Y37AKT/eJ2jlFu0+/THKHWO3Fvub/ZSgVMqNFR5zf2NOx+87irW6vtTStFkAgoF/+BR+Dj40DKlNp/dXGJrbaSTWu/SqxUdOhDwWtYSKLvNTut1npZSUw4h6h0Na8+UnIPdJ3fXgGmGe2KJMtCxwnpgad6QS7VaANgyVndXaLNiWqBM8PlTAQzmBV0hEDUZ+OUZ4G6OMl+ANblLin8FxMVOAMDDRdYZYmqYcNfTz579PkWzi7g9zdBgkDoqUka9/6pEwP78xD2bFB8y5J359o1fn1qpg6bh2+9O870llnEe0Zt/aRIo5nA18RmSkAIZLCVmcVtnDZrvBviOLPE1GHU4qfx561hpcUvSFoaTmE4K5fYwQ3VVygCAHDwivzRgeN60nRwBXiRyQ73zNl52yyaBv2QfM9WlPH79azmf+SO+2vFbqvdt6PjxS1nVQt9ZzHh9hIvjtzDRIVDnvJCZ/sohgs0H6CFCLB7FOjIeMRelZn1GcBpbZioEZN5BsOv/BZ2iS2qyFHf4P4MD14c6GglDeHoY+xyKFdewKAOMrmedmTsms6ieQ8HVoFix3JWq/76+23wHm7v99yw5/qOGuXsHQPMuEorPvmdFY/aZJiCNuZldnn8bMO1zKO19iNT4fE6hYC9OfKQ2R9UEYYKNEifj7XfTxE2dk9ZTV/wHgov9lpe3s7CN4wL1dcxeZg1PlVq8FnYj2hM8iE8r22aVVspiV+5joMot6cIR9Q66oCFM9TUx6D1iAXbAOMY/DUMwiaERatrCx2IaueOj64cm4WoJoQQtod8OHsynJroLDssLMjPDSwYVwjtpGiviDmpJUgDk+H1ZZRisP/ajpXXLvEl1d0rL/bjpwXW4p4tn1U43TBrZNxSleREBOA0w5eTN8qQLooubLD2Tss5lUwoqdpXmcX4qb0pRlpU7fZ1uF2fMdDd0+Kq2xA9IPJeQadWHOObXetUyEdOk+d+fo1SkjN2gjyxyosk6++qzwt6AZZTNAc5nkAA0kQIcvRabQCdd5Gj/C9VLwrz+yrHdNojurIW6xN1lOOkhr3iTiS3u803aiDk9Aa15HYf2lYI/D9LHVig90FZRSSsoJH4M62hyWN/540o4N6M92sPKp8Mu4wYnvI6AAsDZEB2K//UBt9r5TYiifdxeUa8yEWGyQ0wJ42Bci60wt16anD9hVj3nY7oZXCc8czylUOTT08tjbVFxihGUb2l7oVTTNw84Uitn8v7XyDeOfRgxXpsQ1z1uhl+YS4fpbpWhX0SnV4/oZX/e+0fFKFXWPx9KcYJljVL5c72wsHoL/CpP/Mog7cPRuJw2zD0tHvgC0QfX+37vk7MqFPdfLwGD51GX0hxLOcbJP5atGbeAUrUNLY59yGNl+VjiEonp1nBiW//SbxyLyKybK+J4nivr7GZPMbgY68KaQvhB1wIW1yiDUVoXK22pvU0xHc7Vp2TyOw4LWkJRXrPWe2826oTRZlXxiOrtCguF9KyiGI7sX4xrXlLltiBo4zLdv/BoP3i9Ub142AnV0ovZ4SQzqJ1X3FgTePLDxLAn93JDr1M74ISieLSVnbyNw0eW8Vy1zYtgUxvHZiGgAYxY0iNEjonlz/S+A70IJm0Ycv3G4Fu07E9kVvQAUnVTCLWaK29ct5aqVKdeKLPnVRUUZANwmjTCAqEUcING0x4cB1MDHiYqKN27YW8p7nfFX2zy2tsCyqbzuu8E5Td2nir9lDyDFbxW77yJcOCI29ZnxIPoSFQnTnlQi/HJQAOUIZgm1RWaMcIS05/gB8oBV97bqhKfPh3vhoqZYu3vImNzhWuEjXhw4U/mMN9iIBfu+ViwD+PLIiIOn83smi+/7qKafxAK6gLxh5fkjZg3w06+gMq+fKlf1FuNZyIiV9lHV2ccQlLa6bK6UkeohQOLyP1Hv/lH39+jP6zvaWUxb3MR0x3oW4B3WkwcLZVP56Nsp7QdOb25jE0XnQg6afRjNr6XtBStjALHxNa3gOtwNIEuHq1w3yCu0LHQc2YAyWOUvRMsuKUtRbR/Vkyh+byKfp8tjmfriCvH9ZrgFlotghq0qfplBmlJi9z01TUmbAbsswW34r6Hk0LrD9rc9uo+9iW598f7obRLMWlUwx6eJ223Jz//RjYMtZCWJNkZlllAxkHixWR15GlicU40CGJTEtQ1TJpOBIBYQrPm2BWZhHxX9CNGa0uoD0KrLZ1hz4SB0XYpsWqrJkm5Me21X4bmNXySOQDOMG2vt92HzUN3ojXLqrdk79zzpxZae4SiiYqJhSLcutWuZXMvgPRBtef0Kw/eUBmsXxhAbEyeJgj0FsLtv+RqBjRE9s/ASq9VxZKuqYbu/0FNVJ7Y8cGOGM5CLJQNk6E5KaWnqY1C9x6xgD7GmLNq6Bve63qFG+r2sJyyFvYcRgXDHX3AKvkyPlg38FF9zx3dr3ZAFVbNTq5T9jDXqlF6bEP2rMuWPRSXmPII4Z+FNQ+PPXNYPcffzouC+epw4lKH86VqG5RMOKp5+13fS/1AkEgYjVYIizHWAyiDiqe+9FB9BYBOLn/fcjoHa3aa7sxaV8Swil6a1s7eg/rcLt6iVazeNaQVeyRyFnYTXdtT1RAqHvvnzrXH2DNXRy0RXh+Bmu53R6/JKupNZWMMywONIUiLC+ZLOdCAiHAoqpbpLIwHIQIPwPheJ3rHQ9lK/bEePJf7+LbTa6QvZH73N2lPQOOO6vjvWw94am0L0H+qTSekb/A3Xx7j4cr7insiyN5PPQNkvw3tIn9zEg+awIRIij46J0MDjvagKUz/4Ul3WtB71iMq6iF4Wm8UHzQzoi1soo0pGktLpkAxmyFIAsg9baYyJZ0bjC/eUHra1GOhnFsTpGhpuFVIEdYhcZ8DNh4UnoemVyHvQe8U7eHzgJ8DWONyiq9/Tfg/Ah2l/A5/6mYP1X16M249O/8MkOjjTAxO8TjOm+Jb3vyZn+gadzFp+eGK/IBYshMC7amUSqkANOwwZB3UxxwL9X0fHFaBaIKZYauKIXOAg3zB+9EyUYIFOuqqPt+n7TNXiNsJcsqAvypg5aMhSA/Bt1lZoHmxWyNSqZnOq30E3KzHc0zYJYlP3wlsb89Nr3akc7d+ix8Bs87L844fkuM3mqyZW/0mQO5oPmfwhgcUGislx2P4yx2BTriab03V4fK3R6fvzPzcTh+0oUPxUIyBBaiek9+ZtZdgKqvqGC6z+esXcn1rKF4neHlLR1Rk6P8JUgIcrNsBC1nI0ftRqU8qHDpEdDaIkruOepGN/k05My4KAAYZmaraXFzxG/aqGhdoBKD4k86/sJO4uRxcrJ19HGpKSIOgFf6Jr6zDQMIrBvPT+yfXCeSt6zPi+SBBzQ2KeIwB37rBqHEOt2ZSD+dTO7rzHjiwly9P4JAlbxbuDp8vqxVRZRGJj8rHHX2zkicmYS09SHUOk63qLuuAp01EmCxo0UHgbZET+y9suiHrra0wOlzyX2x/PBYy0bBwJVz2Kf4XemW7HATI9FOLTsGlnz+p6syUD7isoGV8XfobRgqNGxnlHdANWGts8WIm9flTABqFsNXXvwmBpi0YyxwXgK12cl7EZURuXrZHLHQxhUtdYlDmlYhnVXRiZoUiBsZoDusSqa7vm8IZmANtYbfrIxMLjnayYClswl+1vun/8HS/dhcrn6x40Y6x/+R7NLqQYNs310RcN4DoM5RNTu0rCINJlFF0RbM+OODv0/ajAvDAWNd00xv9B0OHXu3X6xz3461T71zGhZtTYugGQDWjlThZKTmnvz7GXkTx3DKSY/3R9Zcu9+EY0OBvqUi8VxjsN4MEJC8rJ42cOeFLNOGI1kqank1vuzzHI0VhMtCaRrVkyp1ibmtoP3RjHLuwe5GJyUcp+en9vlQeME2e20+mQmvtR8qOe7rFEKQpmp/+XiDqe2axlg2M3Z4a4y7v+5dcswE8jbw/h6XkKH6bTflmHGsvv2kK8WDjLQAvxfD9UlvLVKedy22Q4UuMZ0c62yetiBLJBmWH5Igh8s0Lqn5hkwq1IWkM++L1erhbylt+QKXsYJevikLh+ZdLLNgTfOSblUp1rL4HYkdNs6weSxJnXt+pJz2kD6qhVQI1aVt4zC/CZGGkiz6GfnLPrVpCaV34CVFfPaQQUNEVEB8D7Zs0w5poMqOkus9MoCtbxpWV2s8E9J/4+cWafGIDP32Qldw34viF5aF33rKMS3KRtAQKM4hDpV46qBv5al5e9F/z1W7DdHX4vAaqDF7X8y4nRf4V9xcQg+9WRZRtkuL0c6TbeTlkCbfFMpVIov3fD0klHY1ihLi+t45iwTCHJABNcyeA0CEIRlCCrsnru/ZRUkIDOrdwwLHrUqRHCgpe9ttH+urcoRNQLl+9E0O8lVh2Ph93SmdO3sgij7aexGrOCgnyITGQkORvq819hOvKyFX501lQq6LD7Yj/iAj463tq5lkBAAUE4ut0IUa2WrVy3SKRb4mJw1YP5o7HnY9X8/2uFyV/a6Rx8G2kUi7lkenoULBw73nTnRrDQbFz+2R00s/K0/CFDTL3uAL1m6aoSS87c8z0rIr8z/x8R+a8jPtI0GbGDx1YqkcL8skppHF/NJCogwfC8H2rxDCrUgU6XIKOewYWFX1DBQo7LcD/Cfvg3fgeUxikHOAEBE8xm5wegRxGCgsFBPIZNSubleivYm+YjbroI9gQdEYhqKNmRMXpx1MJzO+bvo+fZ7uSG2SdX2ugjcKwwm3QuFgXetmPVDRKqyyiNSu/6yWGZpq1mq+IFyI4z9MqLPcEkool5W9nanbSAgEYG0HrtFFSiBu1rEB8KgkLUT15F6CnS3hbJm6LFxbLzfibDDy1cQSHfLQmeojO3/9HhQfG1FbSNuZ5NCiUsPkqGubzPtS3wjMR+eg9D5K4YGiS+GqJvIGT5Xz2y5l20q8BOgrDg/LMHNV5lg8otuHlAWI9X8jQhPiTqO1cS9J9wMwFGXzSEgwcFul/cr018kMruzG40trgzoMuCeghT5G08TcuppgsqD5dG+I9BUNORPVDopRnLlbCZ7yhHsF2Bw4eL9pwPRWqfwrWuu3Xvplmn/f7/5XEyRdjkh/ANC/xTzRJ5J1vEQLVfd9w0OYY7HmAfpRUOVeSu3IO2/Ugp1qScC4ax5tRxuzXzsPS1AZibmvlePyBoqpb8eVm18t6VBxUQwBgK5wBRooJ1lCRWqniO6z6Tq/XGSXYnwQFDqNGa84xrAO1gx+SQOpRsQLqqJ1cF/cHt2b3IFte2L7ezXiutC6/InTyjTRxCweGFGChz4JDmNFQzlxiSjd2DmBZfmv5LxVkX7wKjmlB1w04lhkpZxN/o9jmaZyhvYrxXZXUk658bUAwBs9qAA1qhxjPC4kUetA4ceICpAliH2+bCM/5Bdh7dAebm8MJVonb7apBKk5YLVumHjrJdZeehOUutvqw21Y/K66ZxJRTqcX3NR2elL06nm8IDy6AsiEf/6d26pfhsJSCK0/NCVDPoAGrV3B54Rxr6vjRt78wsitHJhm6xSwwPwWODntesOT3co1rBFOapBFktNKbeS1Gt41pof3PtouMDpEj0lT/hBXB73nsokQmATPEpwONKMZhMsBAJ6uCTw8Mz3oWcB7CsoklPF/CLbiXqw95u/4Ux88rYne+EhROhlG+I7i5BjStjuuEEyXdNiSZWVGh04v7pUUJzf+e0ZrJss8HtExfOc8uxCC0W+x9u8z7EpaLUOVjElihwhdPqj0rHmnaocvGvItPnj9pGF6aprfF9bI79ZiAdTl3c2UTOF+dIfWAU3Qozgu+o3UtF9HsWGp8pvJmkH3sNJpc4Yboll5fiFR2yuGyQOu9eGe19cWu8kPdG9jYoder3URccR+O5AwWEezadez4JsQ6VGFrMW9Mh6nNEbdmA3xvTNDi3Cq5iHoJA2hkdWHrsL3vq1CGpUsbeFuNH9cSc0++rmplKrTBWfjJjlLF5A2zS+ipSNA7pAslmB6y5duMkBKNC3BBdvBaQ7cij4WTt7leC7sG6PsIOXthLUWxvILzZaEQW0tiD+9ZRhRPi8vq40DRo0X+M75RAzhqu+bpPA+U4BzeMUl67EGWiQMXXFUCyahSnC2MQ1oy2AibgWjcdS/lEtZVWOQ2nTcGKdZRXmO5OSebQSMeEkbp99800kUx56NG949ORhXyOpzdXrZYazVkvotdgRpzFLuCu5MlLrcGpJQcFvImfIBRKkByIyrbsxQlxqkrkVCkcaK50vrHwoc73M9kCLyUlQwT/NwKgnMVsp+9EnhzSs/9l1JrIS18ofgwNAun6JUypCFmdxFkj6ij6H9WhQaXEgINPibtCAj6/BIjfktDw+ZIUO0ARr/v0pU1RHYe6yKewAvGQzboGrCM885NhjecIpm40BwDhlkA3yaX/AN92pUZ9syOKCEIIkk1WzK6xnVyTR8P/YQJdc8/TO/8eRKG+rW50sqKbafJ4tn4mqWLD8rY2xFmv7AXW8EnoDligHB0OWkKmbZ2+WaHOpI4uRJTMdPDfEX7J1BQ/FkCe1UP3rXDBsAI6alpxqe487xSyFKA3YsdEZiR8g+vgYxmYtBngtc1Bei7rGll24N4wFv5jLYumTk0QCBC3PxEwcIyZmO8HLU0DrZzSjjJey1IdljZ9omhDWzFVkneq5+NuwgIdZg+iUvXyNfMxuk3+TlSel67WyAjqTpKTfjWiNJP0Am2RfKc6gN8k6ZcZudBixPT0tsMmswFbVEHMffyBOXF1T6n6CEoWtTPjrIZ613EuQKkdc2+n5FAfPkXQSUGKPual6UUylATSSecd84VTHhADie5vIDWdn8Dqi80x3AtlTFk4g+DhlTd0xcXdmaCJmOiOEbcmnOFdUM3xhLMfX/0t5X777NtQM0ZiT6PbpiYeDigS/M155AkOny3B50+8bBMH+4nzGDKUjVXaBJQL3oQgaPpyuXlDBV+vY+CH39u1gEGsNyTz+fo8UsSal+EQybcwOE9mRTBiiOm+/7JxS3RT77hiaDjy6XQ+H7DQmNOe+aIGQAkFtxu/OPBTowjebkqyYlqA1tiTIbQMBlMgfNFYwrQZxdI7LghqRX6sLmE5WYOwnQjW9DY8u9/pFvYbHEAZkh4t/aipyv2RbWuYsnL4j7ztmMbKPsFd3dKqZo0nrVqKO6xgnNKlEm4dO9o4Jyi6TvalzUxRSbnMSVMUqRCL7tdXOTqd/UKsTI1k+pTbrqfXBtuYgWXWq8YLc+b914aHHE1atOg/XldFTBBQ1/gQROlKwVZ4bFiqHmp6s53O1Pd6LZt7ZHPBTUGAg5PcQ0De09rinzmo/KFL+/+a2QRTYmfpPNMo2oFhemFfons+211o+M+D8bHD5WY4XgktwwqZouWA4YlWujKTW+Z2ylYuFDwQ7DVJPWuGOcdsePrNEpzBuXqGi+uHfrKdEsqnNZb+LljUCZuZqZACWDUq8jP99O7XLUBZUI5XppyLvJw8z/Mc3AOVJe/R1/ucd02D+Yp5TyDW3ZUaJRMC9sceLpTS8wl3Z/1IhgJ0Cc8YEuNN4KC7k+rR/1bpnxRh6pNZ0TMllR65goJ1PpF6sjp8ljrB5dgliaraXUf2M68dFlORHUU+jEbRfXpHTRdGBJSsYMQlPAFoUKtA32Ppq7h2JMTRaYuVzMcecxIyIntmUiN4PvE7B2iSrYhvBHOQEIswIYFVdf7O6wIZuQwvDiRYmSICsAtUoYI3CYz664DZ5cZenkhtzYMnLcy0bqUQg3UCZkw5NRUb0ZXGeGxqUZU2Vw7zKGNt33LGavbFXvLPFHyqVPXQ4+qBEbkpFjLoIkJwcUv4jG+tyuT9fEwBLcZ+H2HVNoK3NHVoxhvvwXNZUNgwX+Wlhf0K2BgEopOhrWR/Wzx1+H0XQkWYYb451K2y7aSYzzprE43rR5LD6TNdouZbP0f3j8ZY1dJpzc/1n+K3pn2V6mUxqOrDjEwn0chcYiLyBUqDZD6Mluh84EnCd/XGjPG91UFtEsjdvXdrztMynv8XlSDOVQT25ljdFC+eNlRX0V71zmBBKjxVGKyRY7e8Vdr2GceaefT9j2W+Ng3HqDZo3F+caXremHget3ng6KWNOln099x2Ud4yvzkeplR7LnGUxa8ojC71Gnc7i4edbY8pu80uosuJWZURzUCQtfmj7NrXQte1UWNXDLj8nhouynJuSqQ1T6ZkO4QI6i1ghxJMyNLJHnpXD5gZGph/buLw53tAfH50YsS81/TR3Yr5vbnJqXyP+aoD9+P6xXtGi5TDL1vAohp+tTVyaEdSUeKA4ARdZ/Hfm8rPb9ihR/BBjGqtq78WkGBl1HCoYdzgOb+KsSiWMw7ezynAjR/silHzcsH8jNjtpK7mtnKFRBKbWoJleJG0sqTOIX0QPTkyiNLL8VoadTcYewppSmc93vsXl/D+Jku1CH3RgbPLyQV4gbPOmsGMKXo1XEk/Kkb3y15I3v9LqK5AhPOXx4bHE+rRGsh9zR1Q/Qf4vH91Ke550Ati14nWZBB6Sg4+T6upPyCEyUSWn+DJfbK4d2DEbJEAlCfKvXTuaoWgzibZ3X/la4ydrOlyLAkLt9EUzgtegPHOXXDd1DHq9PhrQrz7gxAwOj1ltknhCA56pdKBE34OPVQItccmQSxpQM2PVeZoI6Oat67MsOf/FI3AwDH2xsP7TLdeAsoxiqo1Rqs0elUYjqvQP6ssw7VwnOdIOeJ1heUdVGTLkM+X1zsFn2Uwm0Bv/nLXB0jepC8rAj403XyFaRpxMFUk4MwwAsSIAFdoByfOogMIrss0tVum52gT1r8WVZqoWacIezqQ4oBC9ogpbo1Iv+E8czhtji7+OZOymHaagSWfOiBRLVovzZrj1AdVDqdnY9WphqrpJeTXPreFEpt9yDA/nzvSvm5Y4cKff3T3EEYUTw8AMVag4prDEmpUcm9a/O3skV6hioClTCV8zzvOrBiJw2nj2wMe0MYFd6Hty1nNNWwr5Y2XWZNKhlRZme4HwO+mPOOUHMuQBNuWhG1VvkprG1GtvbBtCZQPQQkR7XnokgqPnWQrE0q1q29LGZprqYqr73XiAU8qFZsBNv2BNyLMzmtw/z23Ua37UpD2Pu53nFLrDzC0y27RabjkX33+FfGKh/fjX3IML+hxZGXbrQmrykGEBE/s3ePyEebrkJBieuk0XPxp247cy45emsubH5u1xFCMAzXpXPVu12Djp3gWXIlHZ4cNahzLZffx4qJZNdT65FC2wsVqStKFBm7zSfYTcKurEsKyVi+tMcep+W1+fYPwim5in4JkU+9mKyNG4kg98hrZNZeKWM5UNPIM6ZyfXxwymvFv+VfCIrqmLlY5hGZDOIcjtdJ8R50+foV5O2g1pis5huGUhuuETG7E+n5aDAcDSfSNCji6ysR3rSYDiImPg35JsPkrZJn8mo4phCqf9fQI8ueWiMyTesMfEf4Qrqx5oDabkea2aVi5qGMpdiXIRYcWsSpFSnQAUQFn9tfutTeWq/Usea3ir/jcyeQxaFlpfIFsdHAI4dofl/C0j+G4Bl0YLkczp+5PSHf89Fdd/TNdFZ0bsx8TLOs1tnot5VhgTt4zteD9K55cifAyaKTSmCgWdHB7ihTX46HY2CIwUyOYy2KbZ+3CDcEutDaHbSv4Y7CiujBpG4Akevl+Du+TvbBer9kOZKr6HS/x7+VbhSWOCpKF0Og7nt2ZaYqH/+UPmleoX7Qdj92T0B+QribIEsrLDPsqoP/JR55kp06Wnm5KagoZmVhYfOn5nF+n9/esV6H6DLWRf8AeXRaCq3dlXc3Yk7lABoNw/fmRgzPcwlZYv4zd1nbazmxCb3nyBV2Tx8gPkbdsBisJcdluziBhDCN3NhqI+gGUD91xgKYy0iQpS7XGsDM3g44A1dcrt3hAAm6Wpua8mvRLwbsVvegR/OSo38INKSfJv0es4ikytGZJwaYw1ljHFnSrDXEz2fLEih1mX4zC2XK4ug0pvTsO8sdaCk/yX3wW6VP+MO33rALZDdzDsZ4P49AIQiW3OoYGN25giSvJdGvvT3/x6Ox2vhGXfmdo+NXIwHwGTqK65y0XGh7JuBiVvzAYyOotgTpTZha3M5sbf9Cht6+MqTG8dg/IBdh3oWpSqTBQr5GkeRFdYneAn/XivZtF3eB3lX6EV6YHHh11MEuHDsBwX8tZa2dCxQGqhfO5mXL3y6g4MX1PSAD0w7JOvXqnfoP8/Eq/0Qhtt62PwvnAdBju1sdw+7du6z1Z3/Se7xNhDDNVFPCh4X/yBvDrpv9avYjs6mqIDJh+gvAe5GOuKPS4JtklWlYLilR9n7Tnr2X4rCqwZB7WxieH0J5FZXbPE5nxs/+ObejcG9z+IsJldXHleM4Zv6uzisACcp/kpaHzcfmL+66M8+jsy4ZTMOiuhq3qfhDJurKuPl4FQ2xttMEDrcelVz/iveFAwuD8khvOhPobWyFtYgaCMUEGsTQzT+dHJmB1HwLfliR960SJT/WBulfHH9Z8+kzlHmpEcbSHdW7pDqGO2wPAaggBC/xxgN/WJ1AN76fR5CMcquk42KxiUeUSOBVqj6PCnszL6JmiNLFRIlufLjfIy8tfrQkMjCYOkoaWqkq2z0UGfjWO3LWvifav9vTAyqhShFoWd7MbXlogjYH1+eL/K80N3nBQRKpxo45me/SpUUVSpYejVaIYNOixJfSKjpByQcKeqwG/FF2rUVhKCUwNHsiVlru0+3NYZSzneunYAKqHYt901rtf0YAUE791TjMfMgSci6gBXZR5mFdA/PAuxsmU5quwDi42raE7bTp5o3mxXwNIw3c0me4fH2OWF2m8RoHrPgqt5fxovsv0Af3HBeZghS27OJ2bn25itnU0dIChKl1UUMKeIvJD/r43PcvXG7D////disVq/8eMXKY4HH0bdoo2h1PqCa9x8+lBS8gVwhS7j/uiVPkSpvrgsDS29cUB3+Av/B1NO6QqQHQ+fmubOmUSyr1Pun72036QrfuZrZf/KqgVHtu0J4SBnlxBnf2+rGRDfpDMB24uGF7FEXL8wHL0LSK1wx4s0lrq+NuNz1Z0KQYv/Cw/PNleoCnZn5Imz3Vz+843FM+n+ifbTXdXfeu0GsN81O7Ax22AgL7Yn1/zKauY5XKLzloM7yl9uK7u7WTEFA49gFDVcA9qDETw2gdsxBbD3Gagu+zyU5BKcy7OdYMOIdrpScWA8iHb0w9wP9RWkbk/G68BOxxOmNf3ZQQy66gc/NshfLj8ACqAafOEFtPx0Wcy73hqFyghp5GaUSU2XDIWjEaCeHE1/mIZxYlY/g+eC/n5+S8paz0Xi+SYC6akSBaU8TYZvR742VVfiHsfg+jBWnI2jy9oTFXqZm8/oQ8ZTDdMXuy1aabMT3GB5c1Zr1+4zygxGkH98+JEtU8FKTt6/XV37UxpzUWiYDd5qTDYYeSNXl0fjdSMDRaGWXJu8njQPyfA41UMpFZqdWI+kTqdDKXS9GBezx74i+tzQz0fbTUbuPJIGvRWb8zKJZ2vXwndkot8FfRadZG4gDa0WamqjN4osZ8lFHpeGlUW6V5KZyhDtudeSUAj5h/v5meTouKt4iDeV/6IZo/m86dwct5hj89P8HSlF2qVWiuG1XQvyXtQkXd5KcPiWKAFh4NA06GG4t3zktJhEtiMVipDKzOHgB0Hjx/kV/0TZdJoMTdRHh/3M7KtJusqYKl8yW9Uc3RoRmf5BWVomwxE6yG5I5tTW8MDnmk4qUN6MROvBOavl6+SgAc2oCZ43dfg/qiHYx8CRlonNYcusodAWFBzmxp7DIrGE7axeBkHu3e5ldCQsz5X2kbS+s9EUnVkdhSAApPQoyB08Fq6Q5ZT0U3tD9j/bDNJDpxvQ7aofAOTu3zynieQfiA1ngwmBUVMa3bl6iYbu98fXsc8fA9ydCevCqLZECJ18iaVjpP0BgafEurp+nw7WRU/6KnvemnD6TTeTo63tQxzMfnWBlVloak58plcTPMn4oJ2KnykQVDibWUCMadTEwsQjBEBzjGmQvnZEkUF3z9Hh5bQCwWLajT0ZspjgTT4uTidT7xQRXjR49iQ+aqW9//s+LX0wJ7moIiyXAp4jksEbqPdWy2+cmRI7VXtzfhTKU1z/B34vCm9nAzDz9WZrF9uDlQ2zxknxg3hu1YgljX82AsNucjGzniDcxVH9bw99QQd+1Zc872si3d5IhU1FqByOgoQXx/dhGZPM5fvVwFMKfu3He+Ewh5k+fiNIxu9tbPZg4DAQCPegaaXJLY9YfvKxk/X1sazHIR7UBY3vKHTcHo5DJbCzfSInrhZlihrJ5o7B14N6dwyO0fUg5WZDcj/4GCB8lnNaUsY5wvQhdXikUfVv+ML/sJzgu8iAHgy09xiHcnRfqkMhXdQn7JqidfqFAYPa/fiU7sGPA4vcWM4ArtmJpCa/KzriT41rYVR5zjuY4lLPu+X1XaPm5yOT3kCCUbBxr06OEfcPRsz5gQ3skLW8eRj6ncu/oFrZsqSakiCHgSOuIcEn0AhEYBWJ8RDQR+mrZRlujBFBU1YUoZYpLdLvY7qvGsaqfUmbueHosSKWPIGST+rBS7+9EvQPcI2v8Th1J12wkmEi4qKtLXF2pO+WEX+57NWovXK1S6UmOYGayyaaE8AlIzwHFZGHcgMpXOVOD5aTTQUhZ9ryfyPEEEBXLV5RSeCz9j71XSUrfFvf8xRW2xFnkGz7zEwJZizOINadjhacoVHMaJ/O/HSWFsCe5waxNa9qnv+kOF7DcZBc79I9lJVUpnD9nj9sYjbF2NbMg7G08NEou2a15IXpG3hUpL1Rbb4MdQOua8eOVlBQFX1c4mQTvl78J+K6YkX67mVDedIpwq+ziP8aIt8jn7VeLfJwpUkdzWZCTZCza/dzBkhW6qAvZgcMuesTUKAqEXAkHCfhU33mOgCTU+t/2Fhyhhsgnb3glJFi5Hrmoib2eWZNmWz6YfRBHEenYA1dEcHfp/76NeZm+uMc9rzdgMvKO5MpDcQE6vcD0ZX7lJFE+a9jWvoQ5LRMRUG3c+k7IP3GBJvEg6z8AuvVSvKV3XB/u3+TkaB85rcwRHt9L27Zz9FrW/p3Uid9MYZcl9n/atzsrqVohkHdsttEuYWetQh7mux0DlAzjqovlloh5mellYfd7WGmJz1txkQyzlrsi9bgP3A5RF6cbNeDIJVTKWwOyStg6Oh4pp4Ai9k64vQf/YnD719bxoIkzKdsIg2tx7N042O36d0mlw0/WCSS/ZCQuw3mo5ZZP7juR2HXuzKuTDZMrvFlhzGXm990/1AvvAIO/DqYDjy4Ipo7h3PFU6+qKTU6os+vWFsTYZHRtnMLGAnGgS38VZ1oB8kPHxfi5uZSZ0bq0iwKzNdlM1t/UJAaOlvp60oz7teaawyz+OPcUvugn0F6GYXVNftjzs9+p6NLzYA+snPeOgIgcUL9rSYgj8UGT710RZWe4zDh3Lot+UuFe+cd1QNomcntfeINqnv+IzG24oLs9bConAH6n5Nsj4mCJvaV8GjV4SqH4u1ee3VV+RYexA0s2/O1sEB5lMXrJtmkil+0cVc2vF+61J5xvz/czYGACs+oonmdm+OumDCD8+nQInZSXSoMiqd2lHd3BvFiJXZbQgoJiffVAZEMo7sVW/ZtktSYRRIu3x0o671yT5W5DdR8/sexvFPTa16Fjdq/u8MZaaKnddxsj2TZYCe/7qOF4mohVBjZzZWQmjl6hDqG09kK1at88uUs3Y7VVVy13mwAor1CcEVveEIoUEaJLroO1L5RAj7aVKDXkLau3AdZpuC49/ItXq6D9W8JTyuugEp9f0K2GLd8kbiS8tqGYiTrkkOyggzGJWdggc1NAAvV1hZ+IERQal8nJ5oiQ5ut2cXohwQF1o+TZCFL+7IrX8+l+ztbN5be5W9PM2CNLlQNKMShALZZkaNlVqEF7HCz2qTHHYq5JvCRqxY5hA3vMs02cJKB/PriR3nvgMTDeJ5NW+9Yb+LjUs8iSl8hBAtdkn+TjKRmexu0rC3ZTE1uSjXorDiLMsc8UU5V5jva3ZRh9M6gwKGdCkgGYvih7tF29SZTmqT8exJxYwHi9vPh68gPetj3fU9eTJK89UsKi80lviz07xd4gMxhOCUyObbAj9q5LLS/uV2gqyqXrjjL6vR4lcU1zu/fpG27c75lxMNzap9/fCb22RAuA0DHFg0Rhs+Sg3FafSEmPgyhPlf8w/59dJG9jT0RWxbWjZYFUhpKEMwz2e1KPrU6d9/G/EN0NW2m8KcesB8hRIrXw+vxTzhzNYDjRR+tFofljEQfIXVziSp6wvky3qu1C4dgVb52xzw67fMrecfDoNRhxbhD+MFG9WeXx0mSE1Z8+WsIzcCDupis1pzCPc24p3qNUqaEz7ASeD28pxxBvVMS3rzhETu4dSVPosaJ1zNc6JqSoKIv217vnIgwKjhCZDy2/Zsv/9MsSf1zJN1bclzIl7zkrbXQEWEB28OUrdfbHEXaYM5UdgIwMW0IQFVwEfbf220CHPzvIYd0clh4I8lGiZmlFPM7g23lp6mRIeNOnTEd9ccoetvUJPocwhzpvW04fUsKVPa38Vm6AFTPzGG/TI2ARZ4+mzF/L599mf79mpy6j0daTC+yO2urK9CbQnjEN76xUup8xRGgMFgjA4+vz6pfU7yM3zXOnYVcM8F1gqwvUDo0ykgLhUIMzTjA97ctKqgjaASp+SswkOe5DhgUskDqA0RJQj/vKvPanZg62laXCjNA6dm1pZPM924usGROGqVQK6Fe0hAV4amKibIjOl514+79BqVKpIWjv9ZEP8Mc/fsJugqa3RDDyc4h1TVVmsVHPWlunGKP7Vp8oZ/vvzemcCb0rO4qojEayPCgQ/JQLrdEFyMEwWhKof9qkrip8/adce5Dewux4hGA9xk3foTBX3aX8d2GTOjJGDSlM9ZN+5XoiqASpXEyQ4G5ICKOwoFMrzNu+ivMpEdChLZvlluZn2Za1rVBimxlZ5Rd8zf8of9w/5j+3lep0l8ygmeVJNqMNc4kydXGmIVHtr2ztAw2OnSuybbNRkhw8GJZHfd1tzUW8cNH2ofWGErIIJtiySYW8GHOnFw/iZ1YMqVV+dzg69SLrn4qwWVQqhVTOCo02wOIXQHqNNcCHNBzhgfKtkU3o6itjNd0Q95TcBi7j+pnqa7f/CLioocTKOXFep0bFFv1iS2c116tkuajb/yj0JqC0/Uh2iTpiZlAyV/Eff/Zi2Gp6D4f/X329ep4lXOpeJBh/BWCJUlTYu8ddDMwW7YUxLoSulq68YikpwQOR12oAvjRgYKyqN/C4I+lSMhUMKj9Qrg/Ixoxlp/UwoJu3+91eWM4b/MgJzzUx/B+8SuwfdAfoHYeHwPR3SsPyyF38ESzfwzYdXDZlgqr+Jl4w5UnxN58HRKs5JYWF0P3J3m2obBB3A8YLn3TBHvxib4k7yvA/6kNj3MMFlZCRieEJro28DExz0XU6oOQie30yry880Z1v12c/l8AndIal5wDYEkvBF5LUzw7EwiZsLTeDbPJh8/c99C2jtugXhPoMFEQsfXMYGE1JmDdl8K4dq5Iv7mQIGl8v65w0OOfMaEFzyDhKrOtOoNJDMHf6GhwzGzueH4VaPjAXrwoRO2H3fAwpPtCzb+zvE450RpZ9nn7xnJrIOxuI7o9OhnaSkSMj/I744LtyIlSq6iWlaiRF7qjA7dhVHAAmluq4UIUHMkVENMnedpJtVAWiyFvPC+7crznB+q0uNToya4ufP1ZfdzklS6FfCE+0sd/gi+8G8Jd1f0R0JUGrpJwUeKp3Nx/L0KPStzc6oBEDdxMVNqzUubkMZiNdWSB3ghkd6arNmkYozrgtoFtAreUSzj6efUfgN8doVJ/3Rffp2WOct1eQO9bCAgnT3XU5KFgRdHQ9HLRcbt2OLLV0O1sXzswkDZhnLYy91P7eWJj6BiwcRkCKcmqpmYUC7uavbOskyZ+q5hw8Xltu21OgJY8QNy9pEIyZ7XTzK0k5ViGH5vgTGOtUpHfa2UumwzFnoKbqwSE8XDuLJMS+zGOQfVZvYKVWhiwNbTYtRP2yP5Q9wgzoPgkW/vH9OsSqZ340M1G8Pd6ntTGyQx73GFhg60iXUkMT9vaC7542WPL+WBUMABBzE+dZmySqGDxi0Z0FUl3UnXQ1Up7OpY8fnYBAZDfOPn83oPodcGG/0JDU73yaDvT7Z3k+61k4gyxUwFK2aLhOlMksA9oOnydrBJ8mxHzMXYi3G86eG+DghGM1hGTvaJvwMnCUCBozZYliAZPLvea+UPIZE1aJ3lUgOcjdUwai8l2Uy4Q8AxlDtVeV8vn2yC8zzgi6h+n9i5LGJc1mRC3+fzJYjKAQdq1RhI4T7rTLAQq1HlOUtviAUhtrXUzM8POIun8lMiPizmVFt5QTr3LVRJDhy4opL0YRQ1gQCJqqoZ0tlURzfX5YmTCnLdnvSg4v8vG3cLyXNjVBZ0MeV6JwPwF7Lo8vczP593/FK5XQLsILkv+rWNoR20vJ0BMH8SCIBFZTVCRLNERqI5QLO0JCeG8dMdBSmkztNyYZzHIRQc/rh9bQAvPNM96U1PCA7qfaE4XlQZ4vQjTu0/afT+tHyKWLGBErqslH23+KRahI7NBQUqgkGZuqkOa8zIrf3ufdr1vqAmBpC6nKn2QJnGG7ua2NWQg0SD7BpkQta3R+I3dohT9/IzIxLaedzo2wEx0J4pzqPgVi9BFfI+qqagr9GXprzdSzcIRhKzP46LW4BjP+fFIyIcVW30FnBhh8FeLpWueslzx+fXkVrhd893y6RXEUXWKuEaCg5JEP/a4QmoW0/lVB7qKkLPgNwsZGBr4olbXvLs8fT6QYDOPmYSm/2ZjlmPTm9RQ+YU8gitTK4uuQauImNXXSrhq48xsXt2betx98ww9XrRMyH74OmDLY192UTmFCmfnenjgAWwQ4yiItQm3s2FROMKQo77Ner4BdgIiWYbQHNp8beHC+5ZMT9G0fCvzILLRG2dLq9ilffZENlsq8GrTnaPp3JUiv6CZ1Is9KXiovOEc8PwNjJbtGr/C4CSOXmaKKDR37ZRy/jKoFkXSyXDW0zvz5gmNuom/sTFoCKqppKJ9WYW/th0+/iI0/VaTewpESkP5lnPRV1jxqwojIR58obznd9KhrVFVHu+B6GyNz5mK9GC2uxxGW/h1UDOEreTzu4XKoRyxCn8ku4o5LB614qX3eJci6nbvmTwerNNYGGq332z3+mR3UoESYbN5bJ5vdL8l7Pk5pVijWBzc0AGLpauis/667mfUkUEUEnJJ8GbQcmz0nlJri6m+gzDOcq5CbLYuVBFKeWmZlypQvsgebVKW0wfo3GsPLO5PgiKAdoPj59ZbwqguW0yzsnrzOJVY+Kh37PygkQZE53APuN2Z0H5qOfWqfDN0cY7dS0nmq9fwalE3m25HMgyGdD2taja51E7TQaWp6ca1cRVpv4NCRvFcSpFeW6PIWtlhO/48xCS0OLXpmk4SK5sUBIS/h9vCoOGxo613yjNVVED3judEg/6eRQDC8Tph2Kj43v10W7wXFm4MrZNtdUwDWeQgP2Uk5bQ5/gjw4XhSD0KW2T8nrVfUK6Y9b/hqcdfeQb8AX8OnpU2F4z8Qt0cMvy/vLJ159XWgLzX9lU6wlmHLnLZNIZ9HfI6vXVSK/2Her03DL5BVwNS0YTKOKWRBtj67tpAeFz1nRYVaAIPdwSk8BVc5BeX+s5qJhwU6jTVUnqtgSshDQXhleg0CasdTPfszpsyWeclfWEwihSXWOtlDjSPYAoj9E1c+ltxdpEMz+YrFPjqDmUL6m1iczw3O59PTFUal+RRbS/yP9PWvh9eJQdxQntG2QNNrXYd0UWIJEGfHNtMbfdlT0SWUSCEIS9rV2CcPgfK46G+eD3njniS38hy9EBeIV58rsUaaW2QisCzeSNjCQG249819XTTjPzRmrNce6DKzaV4coe+BBB8QMjeGQCYhmRI9na18AqYJtHh6R4C5aA19emto/8ds67jEWrMiFiBGC5w1V1C6lz7eKqXIEgE7FQBVjfusoRkIG+I1IpsbhQwZ7oHTmOSvLMg846mJ5Mn8zJI0miMLeH1EIvchfjy1ak3u+yYMx5SAe6pF5tUmGnB8DkzuAgp/+Pk1xdXJMEW5FnWyocak87IrHu2uER0SXkyCgS1nRnOYdWJ0Igxkv0qo4bv5irxOp+ngO7GFRj6582fNXEANf3PhZotY97XZh3DxmaXQw0FZ56uCpXtPdKFltS7t6GL6ntL2Gh8zx/5sn/W4GqWqGoOnAq+7Y8Gzg03elaE3c60jwSYJ+qVPHnpfQ7xt9fiiPGohcvnfuXgXhlbaH32b/Lyhar+cte9VZvDPGz5tqnLxP8x0LxY8wcMdtCXwiCPDbIigW/ktqLMKRxjiq+GudPp0dDjTaiIxy6wX2KV8omH0YfNvcjLEYf7OSwCua7iuQpffCEm6GM8+iAd3O5b442+mBKo0BiO5XNmCbQ/NsDbjOtwS4Btgp+Vahp3+ZmUKWhcnYx6epD7s/83MgRx+mcEJWV8vzFrE/oxkqn+o4gYJ1G9DVUKNOfQwaG8yTZmCQkT16VZTNfZEP4qr2SIc49nufLHKeLmavDgmORxDoYaoSHNR00f1jqlvCsRtF/Fv/sZg2Vi1Z6tgvNVNU9pHDGjJZI7ZL1wEKHiG1lk5ax0J0fZzTz6RUDKVv08IscdnUEv1a9UMjLLbCUSaVczcq8Czx8zbd+iscuS0qxflhNuCfu66GdLgmm4Izt1Tx+1uZfo4maiCikkXO+DyLgkCx6t4HsScZSFBuedrE4XwtaMYvpcBgRL/6QVRvTWJ9xiK17N7zh3/6gc1BLVdpfGeTJPCb22X/HZBnJZdpU9FTYWbj/CJ+ltMx+x8nzsXgHpISRDtZzSHNopZutdk9UxDSwyhhc0jJWrJCN9fNVX7dIImD01TFpUBBaiye5ybyRG0avqRUxP44izv8aLG5tx9uGq6VC8Wwpt5S5wp0YBlDBdfUBoA8aVldY0Q2l0f/T7up5aHf+UvHc59K3KxwSBRYRrN1g77V+oZcPSh83L7ZAOO1nFsrU2yj5QpvSXMW6sfZJrU29RcIyFnsHsbsS6lz3l5WraOVFVaRo6OjJ+FYetBLEkbpb1jegzijVGeGCbmY+C019VB2soAAcJ7jJkoMB4tI32KLM+6cIXJwovzzRKai5nygJexJcDJtYAqiPlw9xBeXTXw813MYqp7nrW1imwv/v8rKuH2nZzmQkG9tRTAtqKlAdo7qfeu5iP529wIgF54pxdN1/1mn0REOi9GNyVRYUcjwmD7FRvjdrxYV2StFrHx1+7MMwEdxkIO5LyMXBX3oG403DEkeeAjRhmxZNWWmqNi0roFeN9gN4/AuCYuc/ulk3tyQ9EtHFBSqFG/cAItwXQnoHtOG4FY3Ptc+uIvfYFyqjovvbhYLfJDUCo80GbKOOHHn/miXa4cKBocg/svqPWU++upomIxItKdN3Y8XRDvLgQEXQN8aqTs67x7ncJTtwYu7XVyK3p0GEGF/MJw9C7m6B3CFLofJc1EdrKguPumdykeRIdB68iH8SJnMctFhFqTsm3tbCTkjJwBUdBj0PvL+ZWvk1TP9PyK4xCnYG5g0swQmX9KOkN7fLtyeyP6X6djG+3PvBd38Hun3qfzdgAnqGy0U0JNhBDrXeEM2CcP1epgxRbeOtjci/9gk9x64mUmBbyfzP482eSzYlCukt5Je+UDv3nuZxXPWfpPVP9NPenfcG4xv5gLgASZgVhsNAUPiTvukugHngwJPMTdZx8iyrf1L0wJ9zw6E7NQrI2h+wNQ809YMA5Okof2xSUJynXc9ml16jEa9NkG2bgBFe3ZDWJ6NQNShZD48zUwA/rtkKrp2WQ+e9m8sy0FDHAiWt+Kh+zVVC7Dqzugamk/9opv2PDo+crXqMWmukFCTiSN0gW4/LuD8nTT5QiIhSYfHwz0hOKRtLIPb4rHzozd44YxqQok+kCygOkQ138/Qt96SA1vWSsws81GaZoR77pleWd71+jpU5GNrVz/ln/k4yvSjWlysHYBFPwWvr9cZUECcXkiNnqqLCfz0SKtpgu/WuYJ3M97Df8GD8MPP0C21fFaoKt85q4lYR/5yhWOyJbXZplJJ8r4rvnmDukowQnJXmsTIOSjOwCE4SBSa0CZ11DjAChQHj2tjZoK7fxj90W4AraD9Tg/+AvI5L9IOcLivx23YSO0Vb3ZSmxh4YPPcfDTlTwagWNRoqNlClAWW1jCEEk/cvACHCYgbB/vdqM3ijtPc4kms/uhbA1HVMe71ODkumR4iXWrZxPO3mRXIc1dp6OBUUJKFesaciNT9UJj4jj/nu1DCR/YhlzEArzwAPiiOkqpDfw/b9EToyrvFQL2B5QctaIqkxpxU/f5At5uxYFSHDVInH/rvcgyQMjh6YSkdmA+InSOyt7dqRmJD1eNz6n6ozbgVZfxENrifKSjaY8f1v0vLQK7ZO0e6BaKdEIqIgQY232dbe8f+wTZzDzaKuI7wLg2c8qnAttBpBhzC2YreGUF6XgvtXsH8TrWcTPb387iWvD1lvKvBB71wli4CuZTG0yKJ1MGGvDZygqp/f5JiIC8bMQ8pva/SBriL1a4IoE9ucC6tOoz3qrkGz4PjGiesp/mc65qdbortfAUrrX9UGBl9JGU/QlFTFrdp18ZPXwHu1Drr/CO+w4jjefzt9d0FoQNiWHkzcxBEjXt1q1a+67rPQDpgL0O+XJdcPpcx5BiUuD0Sxx6V1NeyMwCIPqwMq7l/AaITfD5gHlE/KHjjGP3ELmT4Ey7ngVguiUaho+VPgT7nasrWjaFRkWIVKIVR4P+9vxFfp+MfUxw5xHohCMq4xixRlRvastzLcwkt05XYiN1qHzUr8mAeSMkB/UKukmg6pQu0+ZmI7qyfM29dEvj5T+m3jWUY9IDw0fvsqQsxq3gVlx/7WkVeo0PKejY5/92f3MROA0MIIkBVe3yVhausu7T4G91N5K5HV+W3JgGzwR0Cc5qZRbExEtc/vh8mrxA5Pk8xwFAfBSb6SFU4Q5DUg4w6z5ASmJr6NkA9Pm9HdD06jsAFV1MNyVVgBhhM2MwnMMTPOTlUFYtuoHTx0+qin56Lo+sLFN+lqE9VGftop674QJaj2D2gIU0qH3666S7T0Um2v3XhRtuGGDKMxtlQLpG0FiEIB06LL/wpZam/NuMxOXdXSi20ufK48/TqcalVBcXhkyTBmw607wtTpzjFSpEyaQ8NbINV+EhRhreEdb8WRJBY1QC4fHZmtOXkDNSuBlLxbIIRcMDq/nqOWcnAXAd02/SH6Ls+n3wXGW57ka1DXh4VurMhlr5mys29ZCX3RAGUGyghsExSNj0oCQ5IWvR9GZoLHA/KgU50QsS0mEoRafQK1MznRQfyG+A4y4iI5uyDFek0l2PkaUghBsznUfd4QniLNigBGug1ATBUkRw+qQjkCY2mqINeu1htqCeQOJhnwu1shEKLr6OFCCZkX+zSkAebJhIihPYibXzGhpChPGRB9z6DwWmw6DcOo8IBdKd3pioaa8nX9NM4UkTitPd+HumNubEunvs3vTCbqjfHCiCWVoQZQZkmxFW4hZPve50eAjUdnZyOn3pGgC4W8cWIBv1FF1NHC9HX5fQc928rP+pBYPdQAW2y11bcT2AkAxwwlzEmOg1kszGdhkyuZNegDhLfP+v/hkqYTesqaGcVsTFkwjgy+c8N3jDT4ovQ4Z+k6r0H03lTXtdu2jTny64nJ1A2BXdiTUK1ahGHO9OB/Dpbt+wDSyv/J55BYuv8yg+xX4HpdGg8QYvRW1xhR+yCjF1tnCyHUruBvQzo1yB6nbvBiAYl8PGCNfIfO8lbmcrpA42vOgKc/SFw5wnp2bFt+0mX60BdBEYZ9eqxsAV9ue2T5gvwtoZwXelwJLnaBo9xEU3BNY2e00vXNxm4rQiMqlxGxQlnBBlOTNS11vyTgxTH3XhNQ2ZULrTXWYPZa2J45nIZtmqZd8x3FsHguWaXSrrvM8axVg9mkmUHsPCmgyQp6OZ0yKRux7tKttrkC27miB/YhYLHSIyLLRK+s4xzzKXs5Cr8Syq0hmC51dPRmBdDFeqM+Xce5iGAj07DUxDiXR1dXohtHNCiMVZ2uo87AgT2/1JPPrbpEVzDQLBpGlBpWtZhLsb496OV68WIGPtc0s1DTVV0YH75s1S8q4w7P5sWQgqe2+Dd0w1KNbPgjptuP9m73jFgeip4Gv1DfOfBfOGYBuPq6AMkVeFNXexuwddQ0B7X8NQJ7hEMzRUabQfkqC8pvgFbCq3m9uy7gWcB/j/oLP6b+jdneUlvemKyxjYKADzLJ2DLnZdDIJf+OnnXQLcQOHcvsE+cdrldxdVuNDUqdSsHqu8U1vFNdXYGZrj1UFmtiJqlESUx8owKJ7sBejQ6eyvV3HYQ815uv7eeNzTzZ5QikUx7NefIslWKEa0UD11QhDkcaMr9PzrHKsBG/OZQ4RbewkVok2OXvSMHgd0Bt6cKFj4HhpJLFrN9kDIXxFStv8uOgnFO70fNFRpyTrJfUBjOx724ug5+2m31JfodsRaZRzDXlIfA6QCWgNEA6qTwjMKsmmV8yrzZT7AgDKaWvLQTMqhj0cxp9M3ZG53fMD/PMKMu33JkQFzaJU4wIwu73ljOMYWDqMMUNCWDu42sRIOWp6EJvx++LhxUsxFMz+OAhjE0EHX5p97H5NjqMS4aQU6JPOf5vXrgMeRt82yadywwbfFSQzIFBRCErM89yMyPBzUBSZDEJwoa6uTd3pKYDilWystyyzI62dA3KbgwfNzBU06UQMLxT27MApKVI5Fry+tf6IwDmoEU92gFOhE2ZWm4cWVM2uvOkL2u01xkoAF2GfTJ05l8sZ/3DAMgq9Q+HW9Et1RpVx4qSSOJcp2cw93Zex5rpOBMGP5ROapd2jQMaukVVVC0Slmx2ojLBpBgNDeQE00qUqYZXVO13I5LmEK4KTtPuif5rUeoZldP61oDByLUeyvaPucIzSsfr0m/ch+kt+ryxjsbCAGOArLtCgelZOpGA45aT5xcvK0MXhqeGi+SDsTn+Gkg/VhzUr1be0qhfYqHnU81cbptvrR5QI3hTEbHS1CNA3CyXiidvkE+41/sp9NyfOmpxJLUOskIkUFzUBJwC5aOE/p5Q/bqJg0yQOPM5pttgRYNKVGEUPB8LJ6DASivuiBQhBtdw+lqs4O8Oq1eBuqsgR7k2bqmroBoq9rUNAtosMEyz34nEI5X7QkRyLK+IoklJM1vBfSvVsS/D2uH+nsyQ1u5Pr9PxSEcCGXwuHWgLyYJYLhovzLSf9stNHd6xdNv/2yG0KsMFbxfHdDcpAAAvMAKykWnnox64WhaTE4ThuiRndUk81QfglYO27IdcnmOhky3esnZqg+VWpkPSqdrC16eY/bn5AnAtn0Tej4ZRXftY/zvCeR3ixT6G19GI5xukD55xvFVyKrXvKg7xRZwmpJB3Gx/GPUFLtO7rKLhjKbO11k3biLuprpIeKjOUCB+KiySz/07VYaYzn+ldgPvsdvOK2cz7VVMV8L1TObB7JYWYppRbZpcwmggcuoCiXFQiFli0l5Y5tjB/l4skEICvetucXREzUImr+aUEFQIEo3txOJ/JHfFO1JOUQxAPrlbTAjqDtKE0ipIeTULXFka58gN/qHQDvqMIdGOPkYsN06CkFk6A04h9Svy53VbObVpiiSTV9qe/TNLEbBoNywU0iv6Sfxs49RFcMKC5Vo10LAAcAvVjbBL0Owl61jVmbjkWRAgz7QMxTzG2pvzWSigvDABWX1fHTi1npDcwcRgFoaCiBabEJYSTJb7H7Hb9WYUaVqaxwLUvTy5Whpx7FdxywZahwRVc6I181EqEXaR7mRVZ4Zgxq4gFXeOmqz6t+SbfJaqXF33CWVsdKfPshetn0W7tO8soZe4StCZWw5QacxqrXJ0QURImDTBJAjYQjoLQAJpollCpW5wmj/yTs59xs9gQ2n1hNwQiF5Tud2mgEFe77Poe1KreWKhPm7c4jnUBHIoARNizpPsDrAxZmFHdD1VbCFnGi2kDpFQZaBe5oWqwajxLCLW9BFpbTFD5xhXyPkJfila/QanK6WlN/GSaj+9dAvA4DMLURWCD1Rwlun90cuK4LArpbELgprhNmBEJG7pBI/U9VCnXI11vaAPiEdsfml+Rwnmm0Z9dAnJNdFLFMgIgsujaJwilPqFgmCTJWzViLAt4PGlJ3yj6LmZ/UZg2awtABQfjTFig4px9Wk5X0zn8DqnOTukAs/rx/Kz8BEKh+CmfnLQlaowffZyGpkfFs3e+iwKhLZBN4oMuyyl/OmWRSyir5aUzqu8U1gSU/f8VXtx/5+eNehjUt/ZWWGj2LG4b+S8yYFG2lozwhA/34Bak06XzWyffoGP1RA2CvEVsPV54/RpxcqawjKtkjLmV0M69oJVQcHa1TRwWEy/dUlJXAvKUVOfkJDT34qOKZgbNZpS1zB+k5tAUGKkr5uvlgXXJVVj4S4CFctnShVruXJjswgm5AGPA0pri8VxthqcaApzajiUdHLWc/yIBkOitOPGeUrcL5cgGp0GIlRloj3Q8WTjLyNlkpg/FsIwxUDNKC4y4UAGbicwX3i9Pc20kU04aXc7i1bMFWVA8atO0FpVsrRroT/JK49ssTLYmq2NzSl8YrTAjCTcvTtBTRxihAZ1DUTr05RzMzWGTjZnWUKpY2iP0le8rjXYFaaAPpPLoDSqUhg/kcqVVy+XGY0v78SIjbfn02pSC7cckPM4y0LjmVGrM3oGg2I7JqaAQoONM2t8dLFfm0yLW9yTnxSAyAuGGBnAniSd6b4z5WkKwrNJM/MuGdqfiDS3TG3iK4Xh0wJ/fK+E1+UjRRl0y/DWjHBvYp0+eBRbgj+68Gg5EZMaBJbHie5Wh2MYR9aBXrU6hQ5OghtC+u4/1o48sCHvG3aeWyaCwO38LHdc+hFr3i1eCjSaBmV9Qu7DejkjrMaVM46U3lfbG+/UYx7cZ4sQY8WIa+r+tv40y5H3oMQDqlAHuw/5Pj0eX/Hes1nZHDXgnSu8ibBInkK+6BDByGGgZcSHF9hcNM2MFK7emriVGWRfEEmymxm44r4GCikkjS7B33gi6Ybyrld5+KlJdFKT/AwH3ClI2mwRxdg2u8Wu/Uep25SdGKA1TR2VAo1YieC0HABdT4eMjZ/oB09vCfsS/C7QoMzp5vajXSmj5PEDOZwk+E/w5zMTDi9ahZlLgZLzII98FM3B8rOgHFQ+X9lSYPiGppI6OUTr08v1Qg1iVwqi+9n6zzHGCjdkSpBmDjtwDqojEB4NZrzdGRwDI28YqsEHliY5/ZpNIlcpEV4ranezk3Th0Ti/dNnlyzixZ+/hRXE8GfNe22WgFag5htpDQMc8Nc2eCalYTSQykqXLJQyfhrJzb0BD1SpPBH96rY1XCyuRvKJ5LNbUbU0tJdcyikFPTNQOAUwjye+/y02HqWbS4XOTASeeCa2Cyohq04Wh4iJRixjw/wg9CJ1UZkzBeJSZMloFna8LLwkLM5mKwMt0KR/IoDLRCUhWygblLnJ2XCdQhdQqkkKxJfaU1Lr+9vvm8xBLFjDcmBy2PtUEiNojN3YtMLkUmeqaTFlsXzW96DGoiNu/K0abrCRTz6dEIpuOGrPgsImOsEOgT2X5Pr4vFS4/B67Qx0xrkxnkepEIxxqYAnOXOlsRZGptNLNjj6jQI21j/dVMdU7968ql81nbPaGZICfa/FFilmcVfn12FOzqjM5wSBNNc5lVUOXljEAF1NfFcapPiVkMI7JnWTKIOh9TKyedx9ReJoUAkUrDBqootYcwyNZPgt9lmmSte4yn5uPGBfth2PIQFoipuT8gH/c7SX+RPUwnBZYRjQtJ5mRGhTLZyusMgwpPZTc8lwp9LsM28IHz+0VkULzvUe8wE3G6dCXNCvr1smz0sEItToWrZb0kxJ60WuuWXief6GXO3wkjoQRBykXRjZDzp/WQJAbNhxTRq8CrRrfZTWOpxt1lTP1JgQo+CiMStrBKoRsDYBdU7KUjXYbFIOgoRpkFFWtuNIQ12i0vrCefquht6b7GqSOvgM5wAAAAAAAAAAAAAAAAAAAAAAAAAAAAAAAAAAAABQU0FJTgAAADhCSU0D7QAAAAAAEABIAAAAAQACAEgAAAABAAI4QklNBCgAAAAAAAwAAAACP/AAAAAAAAA4QklNBEMAAAAAAA5QYmVXARAABgBkAAAAAA==",,,AKUVOX,,,
